"Gene","Liu","Zhang2021","Blair","LiWang","Zhang2017"
"AT3G22120",TRUE,TRUE,TRUE,TRUE,FALSE
"AT2G05380",FALSE,TRUE,FALSE,TRUE,FALSE
"AT5G03350",TRUE,TRUE,FALSE,TRUE,TRUE
"AT3G57240",FALSE,FALSE,FALSE,TRUE,TRUE
"AT4G12470",FALSE,FALSE,TRUE,FALSE,FALSE
"AT1G29920",TRUE,TRUE,FALSE,TRUE,FALSE
"AT2G10940",FALSE,TRUE,TRUE,FALSE,TRUE
"AT1G29930",FALSE,FALSE,FALSE,TRUE,TRUE
"AT2G02100",TRUE,FALSE,TRUE,TRUE,TRUE
"AT1G29910",TRUE,TRUE,FALSE,TRUE,TRUE
"AT4G12490",FALSE,FALSE,FALSE,TRUE,FALSE
"AT1G28290",FALSE,TRUE,FALSE,FALSE,TRUE
"AT3G05730",FALSE,TRUE,FALSE,TRUE,TRUE
"AT1G33960",FALSE,TRUE,FALSE,TRUE,FALSE
"AT5G14920",FALSE,FALSE,FALSE,TRUE,TRUE
"AT2G34430",TRUE,TRUE,FALSE,TRUE,FALSE
"AT4G38770",FALSE,TRUE,FALSE,FALSE,TRUE
"AT1G75040",FALSE,TRUE,TRUE,TRUE,TRUE
"AT4G30650",FALSE,TRUE,TRUE,TRUE,TRUE
"AT3G16670",FALSE,TRUE,FALSE,FALSE,FALSE
"AT5G26000",FALSE,FALSE,FALSE,FALSE,TRUE
"AT2G05440",FALSE,FALSE,FALSE,TRUE,FALSE
"AT4G27440",TRUE,TRUE,FALSE,FALSE,TRUE
"AT2G25510",FALSE,TRUE,FALSE,TRUE,TRUE
"AT2G45180",FALSE,TRUE,FALSE,FALSE,TRUE
"ATCG01020",FALSE,FALSE,TRUE,FALSE,FALSE
"AT1G12090",FALSE,TRUE,TRUE,TRUE,TRUE
"AT2G05520",FALSE,TRUE,FALSE,TRUE,TRUE
"ATCG00330",FALSE,TRUE,TRUE,TRUE,FALSE
"AT1G76930",FALSE,TRUE,FALSE,TRUE,FALSE
"ATCG00110",FALSE,FALSE,FALSE,FALSE,FALSE
"AT2G45470",FALSE,TRUE,TRUE,TRUE,TRUE
"ATCG00470",FALSE,TRUE,FALSE,TRUE,TRUE
"AT3G27690",TRUE,TRUE,TRUE,TRUE,TRUE
"AT4G12500",FALSE,FALSE,FALSE,TRUE,FALSE
"AT2G22170",FALSE,TRUE,FALSE,TRUE,TRUE
"AT4G18422",FALSE,FALSE,FALSE,FALSE,FALSE
"AT1G68520",FALSE,TRUE,FALSE,TRUE,FALSE
"AT3G06035",FALSE,TRUE,FALSE,TRUE,FALSE
"ATCG00480",FALSE,TRUE,FALSE,FALSE,TRUE
"AT1G21310",FALSE,TRUE,FALSE,TRUE,FALSE
"ATCG00790",FALSE,TRUE,FALSE,TRUE,TRUE
"AT1G24020",FALSE,FALSE,FALSE,TRUE,FALSE
"AT2G26400",FALSE,FALSE,FALSE,TRUE,TRUE
"AT3G55580",FALSE,TRUE,TRUE,TRUE,FALSE
"AT2G14610",FALSE,FALSE,FALSE,TRUE,FALSE
"AT5G07030",FALSE,TRUE,TRUE,FALSE,TRUE
"AT4G12480",FALSE,FALSE,FALSE,TRUE,FALSE
"AT1G75750",FALSE,TRUE,TRUE,TRUE,TRUE
"AT4G19239",FALSE,FALSE,FALSE,FALSE,FALSE
"AT5G54270",TRUE,FALSE,FALSE,TRUE,TRUE
"AT1G54040",FALSE,FALSE,FALSE,FALSE,TRUE
"AT5G53490",FALSE,TRUE,FALSE,TRUE,FALSE
"AT5G27970",FALSE,TRUE,FALSE,FALSE,FALSE
"AT2G15970",FALSE,FALSE,FALSE,FALSE,TRUE
"AT2G43590",FALSE,TRUE,FALSE,TRUE,TRUE
"AT3G12930",FALSE,TRUE,FALSE,FALSE,FALSE
"ATCG00340",FALSE,FALSE,FALSE,TRUE,FALSE
"AT2G26010",FALSE,FALSE,FALSE,TRUE,FALSE
"AT1G44446",FALSE,FALSE,FALSE,TRUE,FALSE
"AT3G08030",FALSE,TRUE,FALSE,FALSE,TRUE
"AT1G78820",FALSE,TRUE,TRUE,FALSE,TRUE
"ATCG00160",FALSE,FALSE,TRUE,FALSE,FALSE
"AT2G05070",TRUE,FALSE,FALSE,TRUE,TRUE
"AT4G14400",FALSE,FALSE,TRUE,TRUE,TRUE
"ATCG00090",FALSE,FALSE,FALSE,FALSE,FALSE
"AT5G22880",FALSE,FALSE,TRUE,TRUE,TRUE
"AT3G57260",FALSE,TRUE,FALSE,FALSE,FALSE
"AT3G05270",FALSE,FALSE,FALSE,FALSE,FALSE
"AT4G04692",FALSE,FALSE,FALSE,FALSE,FALSE
"AT2G33450",FALSE,TRUE,FALSE,FALSE,FALSE
"AT5G41660",FALSE,FALSE,FALSE,FALSE,FALSE
"AT3G53460",TRUE,TRUE,FALSE,FALSE,TRUE
"AT2G18660",FALSE,FALSE,FALSE,TRUE,FALSE
"AT4G12600",FALSE,FALSE,FALSE,FALSE,TRUE
"AT2G35960",FALSE,TRUE,TRUE,TRUE,TRUE
"AT3G11630",FALSE,TRUE,FALSE,TRUE,FALSE
"AT5G02160",FALSE,TRUE,FALSE,TRUE,FALSE
"AT2G46440",FALSE,TRUE,FALSE,TRUE,TRUE
"AT3G54560",FALSE,FALSE,FALSE,TRUE,TRUE
"AT4G27520",FALSE,TRUE,FALSE,FALSE,FALSE
"AT1G58290",FALSE,FALSE,FALSE,TRUE,FALSE
"AT4G23140",FALSE,TRUE,FALSE,TRUE,TRUE
"AT1G68590",FALSE,FALSE,FALSE,FALSE,FALSE
"AT1G35720",FALSE,TRUE,FALSE,TRUE,FALSE
"AT1G31550",FALSE,TRUE,FALSE,TRUE,TRUE
"AT2G06850",FALSE,TRUE,FALSE,TRUE,TRUE
"AT3G62530",FALSE,TRUE,FALSE,FALSE,FALSE
"AT3G56940",FALSE,FALSE,TRUE,TRUE,FALSE
"AT2G28550",FALSE,TRUE,FALSE,FALSE,TRUE
"AT5G28626",FALSE,FALSE,FALSE,FALSE,FALSE
"AT1G78995",FALSE,TRUE,TRUE,TRUE,FALSE
"AT5G11420",FALSE,TRUE,FALSE,TRUE,TRUE
"AT3G18080",TRUE,TRUE,FALSE,TRUE,FALSE
"AT4G25050",FALSE,FALSE,FALSE,TRUE,FALSE
"AT3G25920",FALSE,TRUE,FALSE,FALSE,FALSE
"AT1G75690",FALSE,FALSE,FALSE,TRUE,TRUE
"AT5G24490",FALSE,TRUE,FALSE,TRUE,FALSE
"ATCG00220",FALSE,FALSE,FALSE,FALSE,FALSE
"AT5G19510",FALSE,FALSE,FALSE,FALSE,FALSE
"AT3G63160",TRUE,TRUE,FALSE,TRUE,TRUE
"AT1G76100",FALSE,FALSE,FALSE,TRUE,FALSE
"AT3G54400",FALSE,TRUE,TRUE,FALSE,TRUE
"AT5G19570",FALSE,FALSE,FALSE,FALSE,FALSE
"AT5G47610",FALSE,FALSE,TRUE,TRUE,TRUE
"AT1G74470",FALSE,FALSE,FALSE,TRUE,FALSE
"AT5G17030",FALSE,TRUE,FALSE,FALSE,FALSE
"AT4G38160",FALSE,FALSE,FALSE,TRUE,FALSE
"AT1G20010",FALSE,TRUE,FALSE,TRUE,TRUE
"ATCG00740",FALSE,TRUE,TRUE,TRUE,FALSE
"AT5G63810",FALSE,FALSE,FALSE,TRUE,TRUE
"AT1G73805",FALSE,TRUE,FALSE,TRUE,TRUE
"AT3G11945",FALSE,FALSE,FALSE,FALSE,FALSE
"AT1G13260",TRUE,TRUE,FALSE,TRUE,TRUE
"AT4G18480",FALSE,TRUE,FALSE,TRUE,FALSE
"AT3G56020",FALSE,FALSE,TRUE,TRUE,FALSE
"AT2G28900",TRUE,TRUE,FALSE,TRUE,TRUE
"AT2G43620",FALSE,TRUE,FALSE,TRUE,TRUE
"AT4G10340",FALSE,FALSE,FALSE,TRUE,TRUE
"AT1G77940",FALSE,FALSE,FALSE,TRUE,FALSE
"AT3G27060",FALSE,FALSE,FALSE,TRUE,FALSE
"AT4G19120",TRUE,FALSE,TRUE,TRUE,FALSE
"AT1G62780",FALSE,TRUE,FALSE,FALSE,TRUE
"AT4G02520",FALSE,FALSE,FALSE,TRUE,FALSE
"AT1G29720",FALSE,FALSE,FALSE,TRUE,TRUE
"AT5G43460",FALSE,TRUE,FALSE,FALSE,FALSE
"AT5G18660",FALSE,TRUE,FALSE,TRUE,FALSE
"AT3G15356",FALSE,TRUE,FALSE,TRUE,TRUE
"AT1G55490",FALSE,TRUE,FALSE,FALSE,TRUE
"AT1G21460",FALSE,TRUE,TRUE,TRUE,TRUE
"AT2G48030",FALSE,FALSE,FALSE,TRUE,TRUE
"AT5G50450",FALSE,FALSE,TRUE,TRUE,TRUE
"AT5G10760",FALSE,TRUE,FALSE,TRUE,TRUE
"AT5G20720",FALSE,TRUE,TRUE,FALSE,TRUE
"AT3G53400",FALSE,TRUE,FALSE,FALSE,FALSE
"AT2G38540",FALSE,TRUE,FALSE,TRUE,TRUE
"AT5G23740",FALSE,FALSE,FALSE,FALSE,FALSE
"ATCG00560",FALSE,FALSE,FALSE,FALSE,FALSE
"AT1G49750",FALSE,TRUE,FALSE,FALSE,FALSE
"AT3G18000",TRUE,FALSE,TRUE,TRUE,TRUE
"AT3G23050",FALSE,FALSE,FALSE,FALSE,TRUE
"AT3G61580",FALSE,FALSE,FALSE,TRUE,TRUE
"ATCG00380",FALSE,TRUE,FALSE,FALSE,FALSE
"AT3G52500",FALSE,TRUE,TRUE,FALSE,TRUE
"AT5G37480",FALSE,FALSE,TRUE,FALSE,TRUE
"AT2G05790",FALSE,TRUE,TRUE,FALSE,TRUE
"AT2G45160",FALSE,TRUE,TRUE,FALSE,TRUE
"AT3G23810",TRUE,FALSE,TRUE,TRUE,TRUE
"AT4G09570",FALSE,TRUE,FALSE,TRUE,TRUE
"AT5G13630",FALSE,TRUE,TRUE,TRUE,FALSE
"AT4G39330",FALSE,FALSE,FALSE,FALSE,TRUE
"AT1G31800",FALSE,FALSE,FALSE,FALSE,FALSE
"AT1G05803",FALSE,FALSE,FALSE,FALSE,FALSE
"AT5G57110",TRUE,TRUE,FALSE,TRUE,TRUE
"AT3G49910",FALSE,FALSE,FALSE,TRUE,FALSE
"AT3G15450",TRUE,TRUE,TRUE,TRUE,FALSE
"AT1G24530",FALSE,TRUE,FALSE,TRUE,TRUE
"AT5G58420",FALSE,FALSE,FALSE,FALSE,FALSE
"AT2G01250",FALSE,TRUE,FALSE,TRUE,FALSE
"AT5G19250",FALSE,TRUE,FALSE,TRUE,TRUE
"AT5G56670",FALSE,FALSE,FALSE,TRUE,FALSE
"AT1G44000",FALSE,TRUE,FALSE,TRUE,TRUE
"AT3G21055",FALSE,FALSE,FALSE,FALSE,FALSE
"AT3G21870",FALSE,TRUE,FALSE,TRUE,FALSE
"AT1G51610",FALSE,TRUE,TRUE,FALSE,FALSE
"AT4G01320",FALSE,TRUE,TRUE,FALSE,TRUE
"AT1G53230",TRUE,TRUE,TRUE,TRUE,TRUE
"AT2G42530",FALSE,TRUE,FALSE,TRUE,TRUE
"AT3G08940",TRUE,FALSE,FALSE,TRUE,TRUE
"AT1G25440",FALSE,TRUE,FALSE,FALSE,FALSE
"AT3G17170",FALSE,TRUE,FALSE,FALSE,TRUE
"AT3G02380",FALSE,TRUE,FALSE,TRUE,TRUE
"AT2G37660",FALSE,TRUE,FALSE,FALSE,FALSE
"AT3G13410",FALSE,FALSE,FALSE,FALSE,FALSE
"AT1G66970",FALSE,TRUE,FALSE,TRUE,TRUE
"AT2G15555",FALSE,FALSE,FALSE,FALSE,FALSE
"AT1G19920",FALSE,TRUE,FALSE,FALSE,FALSE
"AT4G01310",FALSE,TRUE,FALSE,TRUE,FALSE
"ATCG00420",FALSE,TRUE,FALSE,FALSE,FALSE
"AT1G52220",FALSE,TRUE,FALSE,TRUE,FALSE
"ATCG00490",FALSE,TRUE,FALSE,TRUE,FALSE
"AT2G42840",FALSE,FALSE,TRUE,FALSE,TRUE
"AT3G13560",FALSE,TRUE,FALSE,TRUE,TRUE
"AT3G56340",FALSE,FALSE,FALSE,FALSE,FALSE
"AT2G31360",TRUE,TRUE,FALSE,FALSE,FALSE
"AT4G23150",FALSE,FALSE,FALSE,TRUE,TRUE
"AT5G15230",FALSE,FALSE,FALSE,FALSE,FALSE
"AT2G03090",FALSE,TRUE,TRUE,FALSE,TRUE
"AT4G03060",FALSE,FALSE,FALSE,FALSE,FALSE
"AT5G65730",FALSE,TRUE,TRUE,TRUE,TRUE
"AT3G27850",FALSE,FALSE,FALSE,FALSE,FALSE
"AT1G21500",FALSE,TRUE,FALSE,TRUE,TRUE
"AT2G35260",FALSE,FALSE,FALSE,TRUE,TRUE
"AT4G18390",FALSE,TRUE,TRUE,TRUE,FALSE
"AT4G34610",FALSE,TRUE,TRUE,TRUE,TRUE
"AT2G05100",TRUE,FALSE,FALSE,TRUE,TRUE
"ATCG00130",FALSE,FALSE,TRUE,FALSE,FALSE
"AT4G19410",FALSE,TRUE,FALSE,TRUE,TRUE
"AT5G59870",FALSE,TRUE,TRUE,TRUE,TRUE
"AT1G73870",TRUE,TRUE,TRUE,TRUE,FALSE
"AT5G21920",FALSE,FALSE,FALSE,TRUE,FALSE
"AT4G26690",FALSE,TRUE,FALSE,FALSE,TRUE
"AT5G47550",FALSE,TRUE,TRUE,TRUE,TRUE
"AT5G49330",TRUE,TRUE,TRUE,TRUE,TRUE
"AT4G00490",FALSE,FALSE,FALSE,FALSE,FALSE
"AT5G55220",FALSE,TRUE,FALSE,FALSE,FALSE
"AT3G23530",FALSE,FALSE,TRUE,TRUE,TRUE
"AT5G11450",FALSE,FALSE,FALSE,FALSE,FALSE
"AT1G18540",FALSE,FALSE,FALSE,FALSE,FALSE
"AT1G49600",FALSE,TRUE,FALSE,TRUE,FALSE
"AT5G44110",FALSE,TRUE,TRUE,TRUE,TRUE
"AT5G24200",FALSE,FALSE,FALSE,TRUE,FALSE
"AT3G61820",TRUE,TRUE,TRUE,TRUE,TRUE
"AT4G02990",FALSE,TRUE,TRUE,FALSE,TRUE
"AT3G28220",FALSE,FALSE,TRUE,TRUE,TRUE
"AT3G14930",FALSE,TRUE,FALSE,FALSE,FALSE
"AT5G08260",FALSE,TRUE,FALSE,TRUE,TRUE
"AT1G14410",FALSE,TRUE,FALSE,FALSE,FALSE
"AT1G52230",FALSE,FALSE,FALSE,TRUE,FALSE
"AT3G52840",FALSE,FALSE,FALSE,TRUE,FALSE
"AT5G47060",FALSE,FALSE,TRUE,FALSE,FALSE
"AT4G09040",FALSE,TRUE,FALSE,FALSE,FALSE
"AT2G27720",FALSE,FALSE,FALSE,TRUE,FALSE
"AT1G20020",FALSE,TRUE,FALSE,TRUE,FALSE
"AT5G60670",FALSE,FALSE,TRUE,FALSE,TRUE
"AT4G17730",FALSE,TRUE,TRUE,FALSE,FALSE
"AT5G58250",FALSE,TRUE,FALSE,FALSE,FALSE
"AT2G23930",FALSE,FALSE,FALSE,FALSE,FALSE
"AT1G71340",FALSE,TRUE,FALSE,TRUE,TRUE
"AT3G06980",FALSE,TRUE,FALSE,FALSE,FALSE
"ATCG00440",FALSE,TRUE,TRUE,FALSE,FALSE
"AT1G63940",FALSE,TRUE,FALSE,TRUE,FALSE
"AT3G62030",FALSE,TRUE,FALSE,FALSE,TRUE
"AT2G20930",FALSE,FALSE,FALSE,TRUE,FALSE
"AT3G61470",FALSE,TRUE,FALSE,TRUE,FALSE
"AT5G45500",FALSE,TRUE,FALSE,TRUE,TRUE
"AT3G17040",FALSE,FALSE,FALSE,TRUE,TRUE
"AT1G07320",FALSE,FALSE,FALSE,FALSE,FALSE
"AT1G17100",FALSE,TRUE,FALSE,TRUE,TRUE
"AT1G77120",FALSE,TRUE,TRUE,TRUE,FALSE
"AT2G24090",FALSE,TRUE,FALSE,TRUE,FALSE
"AT5G65010",FALSE,TRUE,TRUE,FALSE,TRUE
"AT4G35310",FALSE,TRUE,FALSE,TRUE,TRUE
"AT3G19820",FALSE,FALSE,FALSE,FALSE,FALSE
"AT4G21280",FALSE,FALSE,FALSE,FALSE,FALSE
"AT5G44020",FALSE,FALSE,FALSE,TRUE,TRUE
"AT2G20530",FALSE,FALSE,FALSE,FALSE,TRUE
"AT5G63310",FALSE,TRUE,FALSE,FALSE,FALSE
"AT1G75180",FALSE,FALSE,TRUE,TRUE,FALSE
"AT3G13120",FALSE,TRUE,FALSE,TRUE,FALSE
"AT1G55670",FALSE,FALSE,FALSE,FALSE,FALSE
"AT2G37630",FALSE,TRUE,FALSE,TRUE,TRUE
"AT1G72640",FALSE,TRUE,FALSE,TRUE,TRUE
"AT5G64770",FALSE,TRUE,TRUE,FALSE,FALSE
"AT1G06000",TRUE,TRUE,TRUE,TRUE,TRUE
"AT5G14740",FALSE,FALSE,TRUE,TRUE,FALSE
"AT3G14890",FALSE,TRUE,FALSE,TRUE,FALSE
"AT3G18390",FALSE,TRUE,FALSE,FALSE,FALSE
"AT4G26670",TRUE,TRUE,FALSE,FALSE,TRUE
"AT3G04840",FALSE,TRUE,FALSE,TRUE,FALSE
"AT5G15750",FALSE,FALSE,FALSE,FALSE,TRUE
"AT1G12900",FALSE,FALSE,FALSE,TRUE,TRUE
"AT1G31580",FALSE,TRUE,FALSE,TRUE,TRUE
"AT2G42070",FALSE,FALSE,FALSE,FALSE,FALSE
"AT3G07430",FALSE,FALSE,FALSE,FALSE,FALSE
"AT5G06530",FALSE,TRUE,FALSE,FALSE,TRUE
"AT3G01480",FALSE,FALSE,FALSE,TRUE,FALSE
"AT4G04570",FALSE,TRUE,TRUE,TRUE,TRUE
"AT1G52870",FALSE,TRUE,TRUE,TRUE,TRUE
"AT3G55280",FALSE,FALSE,TRUE,TRUE,FALSE
"AT2G33530",FALSE,TRUE,TRUE,FALSE,TRUE
"AT3G16000",FALSE,TRUE,FALSE,TRUE,FALSE
"AT4G27720",FALSE,TRUE,TRUE,TRUE,TRUE
"AT2G29980",FALSE,TRUE,FALSE,FALSE,TRUE
"AT1G27350",FALSE,TRUE,TRUE,TRUE,FALSE
"AT3G59540",FALSE,FALSE,FALSE,TRUE,FALSE
"AT3G49670",TRUE,TRUE,FALSE,FALSE,TRUE
"AT3G14840",FALSE,FALSE,TRUE,TRUE,TRUE
"AT4G34290",FALSE,TRUE,FALSE,FALSE,FALSE
"AT3G56680",FALSE,FALSE,FALSE,FALSE,FALSE
"AT5G42900",TRUE,FALSE,TRUE,TRUE,TRUE
"AT1G76450",FALSE,TRUE,FALSE,TRUE,FALSE
"AT1G12920",FALSE,FALSE,FALSE,FALSE,FALSE
"AT5G47110",FALSE,TRUE,FALSE,FALSE,FALSE
"AT1G35710",FALSE,FALSE,FALSE,TRUE,TRUE
"AT4G17600",FALSE,FALSE,FALSE,FALSE,FALSE
"AT1G08360",FALSE,FALSE,FALSE,FALSE,FALSE
"AT3G06430",FALSE,TRUE,FALSE,FALSE,FALSE
"AT5G62880",FALSE,FALSE,FALSE,FALSE,FALSE
"ATCG00360",FALSE,FALSE,FALSE,FALSE,FALSE
"AT5G61170",FALSE,FALSE,FALSE,TRUE,FALSE
"AT5G25265",FALSE,TRUE,FALSE,FALSE,FALSE
"AT3G26744",FALSE,TRUE,FALSE,FALSE,FALSE
"AT1G09200",FALSE,FALSE,TRUE,TRUE,TRUE
"AT1G59990",FALSE,TRUE,FALSE,FALSE,TRUE
"AT1G64490",FALSE,TRUE,TRUE,FALSE,FALSE
"AT5G10400",FALSE,FALSE,TRUE,TRUE,TRUE
"AT1G15820",TRUE,FALSE,FALSE,TRUE,FALSE
"AT3G44890",FALSE,TRUE,FALSE,FALSE,FALSE
"AT2G05990",FALSE,FALSE,FALSE,TRUE,TRUE
"AT5G39740",FALSE,FALSE,FALSE,FALSE,FALSE
"AT3G13510",FALSE,TRUE,FALSE,FALSE,TRUE
"AT3G08740",FALSE,TRUE,FALSE,TRUE,FALSE
"AT1G09690",FALSE,TRUE,FALSE,TRUE,FALSE
"AT1G68560",FALSE,TRUE,TRUE,FALSE,FALSE
"AT3G60415",FALSE,FALSE,FALSE,TRUE,TRUE
"AT2G14890",FALSE,TRUE,FALSE,FALSE,TRUE
"AT2G27530",FALSE,FALSE,FALSE,FALSE,FALSE
"AT1G64510",FALSE,TRUE,FALSE,TRUE,FALSE
"AT2G41560",FALSE,TRUE,TRUE,FALSE,TRUE
"AT2G24060",FALSE,TRUE,FALSE,FALSE,FALSE
"AT4G12730",FALSE,TRUE,TRUE,TRUE,TRUE
"AT1G01320",FALSE,FALSE,TRUE,FALSE,FALSE
"AT2G40400",FALSE,FALSE,TRUE,TRUE,TRUE
"AT5G57180",FALSE,TRUE,FALSE,TRUE,TRUE
"AT3G43610",FALSE,FALSE,FALSE,FALSE,FALSE
"AT4G02930",FALSE,FALSE,FALSE,TRUE,FALSE
"AT3G20820",FALSE,TRUE,FALSE,FALSE,FALSE
"AT5G20160",FALSE,FALSE,FALSE,TRUE,TRUE
"AT3G47800",FALSE,FALSE,FALSE,FALSE,TRUE
"AT1G20050",FALSE,TRUE,FALSE,FALSE,FALSE
"AT2G44650",FALSE,FALSE,FALSE,TRUE,FALSE
"AT4G15545",FALSE,FALSE,FALSE,TRUE,FALSE
"AT3G56010",FALSE,TRUE,FALSE,TRUE,FALSE
"AT3G28900",FALSE,FALSE,FALSE,FALSE,TRUE
"AT4G29020",FALSE,TRUE,TRUE,FALSE,TRUE
"AT5G02960",FALSE,FALSE,FALSE,FALSE,FALSE
"AT3G08010",FALSE,FALSE,FALSE,FALSE,FALSE
"AT2G07340",FALSE,FALSE,FALSE,TRUE,FALSE
"AT1G35680",FALSE,FALSE,FALSE,TRUE,FALSE
"AT3G16660",FALSE,TRUE,FALSE,FALSE,FALSE
"AT4G38430",FALSE,TRUE,FALSE,FALSE,FALSE
"AT4G12110",FALSE,TRUE,TRUE,FALSE,TRUE
"AT5G59670",FALSE,TRUE,FALSE,TRUE,TRUE
"AT3G55800",FALSE,FALSE,FALSE,FALSE,TRUE
"AT4G39710",FALSE,FALSE,FALSE,TRUE,FALSE
"AT2G41680",FALSE,TRUE,FALSE,TRUE,FALSE
"AT5G56890",FALSE,TRUE,FALSE,FALSE,TRUE
"AT4G02290",FALSE,FALSE,FALSE,FALSE,TRUE
"AT5G56860",FALSE,TRUE,TRUE,TRUE,FALSE
"AT1G12990",FALSE,TRUE,TRUE,FALSE,TRUE
"AT4G14440",FALSE,TRUE,TRUE,TRUE,TRUE
"AT1G64650",FALSE,TRUE,TRUE,TRUE,TRUE
"AT3G54820",FALSE,FALSE,TRUE,TRUE,TRUE
"AT1G60000",FALSE,FALSE,FALSE,TRUE,TRUE
"AT5G52650",FALSE,FALSE,FALSE,TRUE,FALSE
"AT2G38140",FALSE,FALSE,FALSE,FALSE,FALSE
"AT1G70370",FALSE,TRUE,FALSE,FALSE,FALSE
"AT5G12150",FALSE,FALSE,TRUE,FALSE,TRUE
"AT5G42530",FALSE,TRUE,FALSE,TRUE,TRUE
"AT4G21105",FALSE,FALSE,TRUE,TRUE,FALSE
"AT3G59970",FALSE,FALSE,FALSE,FALSE,TRUE
"AT1G65230",FALSE,FALSE,FALSE,TRUE,FALSE
"AT4G31700",FALSE,FALSE,FALSE,FALSE,FALSE
"AT4G02330",FALSE,FALSE,FALSE,TRUE,TRUE
"AT1G64790",FALSE,TRUE,TRUE,FALSE,FALSE
"AT2G28000",FALSE,TRUE,TRUE,FALSE,TRUE
"AT2G45670",FALSE,TRUE,FALSE,FALSE,FALSE
"AT2G47450",FALSE,FALSE,FALSE,TRUE,FALSE
"AT5G08640",TRUE,TRUE,TRUE,TRUE,TRUE
"AT1G64390",FALSE,TRUE,TRUE,FALSE,TRUE
"AT5G64460",FALSE,FALSE,FALSE,FALSE,FALSE
"AT4G13590",FALSE,FALSE,FALSE,FALSE,FALSE
"AT5G02830",FALSE,TRUE,FALSE,TRUE,FALSE
"AT5G02870",FALSE,FALSE,FALSE,TRUE,FALSE
"AT5G19530",FALSE,TRUE,FALSE,FALSE,FALSE
"AT2G33800",FALSE,FALSE,FALSE,FALSE,FALSE
"AT1G57765",FALSE,TRUE,FALSE,FALSE,FALSE
"AT1G04420",FALSE,FALSE,FALSE,TRUE,TRUE
"ATCG01050",FALSE,FALSE,FALSE,TRUE,FALSE
"AT3G23700",FALSE,FALSE,FALSE,TRUE,FALSE
"AT4G30720",FALSE,TRUE,FALSE,FALSE,FALSE
"AT2G27860",FALSE,FALSE,FALSE,TRUE,TRUE
"AT5G20290",FALSE,FALSE,FALSE,TRUE,FALSE
"AT5G64940",FALSE,TRUE,FALSE,TRUE,FALSE
"AT2G27710",FALSE,FALSE,FALSE,TRUE,FALSE
"AT1G10200",FALSE,FALSE,FALSE,FALSE,FALSE
"AT5G08610",FALSE,TRUE,FALSE,FALSE,TRUE
"AT3G60245",FALSE,FALSE,FALSE,TRUE,FALSE
"AT2G23350",FALSE,FALSE,FALSE,FALSE,FALSE
"AT3G17780",FALSE,TRUE,FALSE,TRUE,TRUE
"AT3G10670",FALSE,FALSE,FALSE,FALSE,FALSE
"AT3G19450",FALSE,TRUE,TRUE,TRUE,TRUE
"AT4G36250",FALSE,FALSE,FALSE,FALSE,FALSE
"AT2G42190",FALSE,TRUE,TRUE,FALSE,FALSE
"AT3G25890",TRUE,TRUE,TRUE,FALSE,TRUE
"AT2G44940",TRUE,TRUE,TRUE,TRUE,TRUE
"AT1G78630",FALSE,TRUE,FALSE,TRUE,FALSE
"AT5G44650",FALSE,FALSE,FALSE,TRUE,FALSE
"AT3G49140",FALSE,TRUE,FALSE,FALSE,FALSE
"AT4G12790",FALSE,FALSE,FALSE,TRUE,FALSE
"AT1G19350",FALSE,FALSE,FALSE,FALSE,FALSE
"AT4G02770",FALSE,FALSE,FALSE,TRUE,FALSE
"AT4G20130",FALSE,TRUE,FALSE,FALSE,TRUE
"AT3G12390",FALSE,TRUE,FALSE,TRUE,FALSE
"AT3G55330",FALSE,FALSE,FALSE,TRUE,FALSE
"AT4G09620",FALSE,FALSE,FALSE,FALSE,FALSE
"AT2G25210",FALSE,FALSE,FALSE,TRUE,FALSE
"AT1G28395",FALSE,FALSE,TRUE,FALSE,FALSE
"AT1G76300",FALSE,FALSE,FALSE,FALSE,TRUE
"AT4G00180",FALSE,TRUE,TRUE,TRUE,TRUE
"AT3G42658",FALSE,FALSE,FALSE,FALSE,FALSE
"AT3G52150",FALSE,TRUE,FALSE,FALSE,FALSE
"AT5G67220",FALSE,FALSE,FALSE,FALSE,FALSE
"AT2G44860",FALSE,FALSE,FALSE,FALSE,TRUE
"AT1G01610",FALSE,TRUE,FALSE,FALSE,FALSE
"AT5G46110",FALSE,FALSE,FALSE,TRUE,TRUE
"AT2G02050",FALSE,FALSE,FALSE,TRUE,FALSE
"AT3G25520",FALSE,TRUE,FALSE,TRUE,FALSE
"AT2G37270",FALSE,FALSE,FALSE,FALSE,TRUE
"AT5G60920",FALSE,TRUE,TRUE,FALSE,FALSE
"AT1G41830",FALSE,TRUE,TRUE,FALSE,TRUE
"AT3G45600",FALSE,TRUE,FALSE,FALSE,FALSE
"AT3G63410",FALSE,FALSE,FALSE,TRUE,FALSE
"AT4G15910",FALSE,FALSE,TRUE,FALSE,FALSE
"AT2G43090",FALSE,TRUE,FALSE,FALSE,FALSE
"AT2G42880",FALSE,TRUE,FALSE,FALSE,FALSE
"AT1G67090",FALSE,FALSE,FALSE,TRUE,TRUE
"AT5G04430",FALSE,FALSE,FALSE,TRUE,FALSE
"AT3G04920",FALSE,FALSE,FALSE,FALSE,FALSE
"AT3G24830",FALSE,FALSE,FALSE,TRUE,FALSE
"AT4G35320",FALSE,TRUE,TRUE,FALSE,TRUE
"AT3G44330",FALSE,FALSE,FALSE,FALSE,FALSE
"AT3G62250",FALSE,FALSE,FALSE,TRUE,FALSE
"AT5G11200",FALSE,TRUE,FALSE,FALSE,FALSE
"AT4G25480",FALSE,TRUE,FALSE,TRUE,FALSE
"AT4G32390",FALSE,TRUE,FALSE,FALSE,FALSE
"AT5G06290",FALSE,FALSE,TRUE,TRUE,TRUE
"AT1G01080",FALSE,FALSE,FALSE,FALSE,TRUE
"AT1G09765",FALSE,FALSE,FALSE,FALSE,FALSE
"AT3G14240",FALSE,FALSE,FALSE,FALSE,FALSE
"AT2G06130",FALSE,FALSE,FALSE,FALSE,FALSE
"AT5G62890",FALSE,TRUE,FALSE,TRUE,TRUE
"AT1G27480",FALSE,TRUE,FALSE,FALSE,FALSE
"AT5G47190",FALSE,TRUE,FALSE,FALSE,FALSE
"AT3G16520",FALSE,FALSE,FALSE,TRUE,FALSE
"AT1G01970",FALSE,FALSE,FALSE,FALSE,FALSE
"AT5G66530",FALSE,TRUE,FALSE,TRUE,FALSE
"AT3G10610",FALSE,FALSE,TRUE,TRUE,TRUE
"AT1G30410",FALSE,FALSE,FALSE,FALSE,TRUE
"AT5G24300",FALSE,FALSE,FALSE,FALSE,FALSE
"AT5G35360",FALSE,FALSE,FALSE,FALSE,TRUE
"AT1G56050",FALSE,TRUE,FALSE,FALSE,FALSE
"AT1G75680",FALSE,FALSE,FALSE,FALSE,TRUE
"AT2G25964",FALSE,TRUE,TRUE,FALSE,FALSE
"AT4G39200",FALSE,FALSE,FALSE,FALSE,FALSE
"AT3G02560",FALSE,FALSE,FALSE,TRUE,FALSE
"AT1G02880",FALSE,FALSE,FALSE,FALSE,FALSE
"AT2G40475",FALSE,TRUE,TRUE,TRUE,TRUE
"AT1G69530",FALSE,TRUE,TRUE,TRUE,TRUE
"AT3G54890",TRUE,FALSE,FALSE,TRUE,TRUE
"AT5G47700",FALSE,FALSE,FALSE,TRUE,FALSE
"AT1G09210",FALSE,FALSE,TRUE,FALSE,FALSE
"AT1G69420",FALSE,TRUE,TRUE,FALSE,TRUE
"AT5G24470",FALSE,TRUE,FALSE,FALSE,TRUE
"AT3G46780",FALSE,TRUE,FALSE,TRUE,FALSE
"AT4G28150",FALSE,FALSE,TRUE,FALSE,TRUE
"AT1G17650",FALSE,TRUE,FALSE,FALSE,FALSE
"AT5G44582",FALSE,TRUE,FALSE,TRUE,TRUE
"AT2G39670",FALSE,TRUE,FALSE,FALSE,FALSE
"AT5G37260",TRUE,FALSE,TRUE,TRUE,TRUE
"AT1G65295",FALSE,TRUE,TRUE,TRUE,TRUE
"AT1G09780",TRUE,TRUE,TRUE,TRUE,TRUE
"AT5G08050",FALSE,FALSE,FALSE,TRUE,FALSE
"AT1G72370",FALSE,FALSE,FALSE,FALSE,FALSE
"AT1G17200",FALSE,TRUE,FALSE,FALSE,FALSE
"AT2G39390",FALSE,FALSE,FALSE,TRUE,FALSE
"AT5G45680",FALSE,FALSE,FALSE,FALSE,FALSE
"AT4G14690",TRUE,FALSE,FALSE,FALSE,TRUE
"AT5G50460",FALSE,FALSE,TRUE,TRUE,FALSE
"AT3G48930",FALSE,FALSE,FALSE,TRUE,FALSE
"AT3G17670",FALSE,FALSE,FALSE,FALSE,FALSE
"AT1G52300",FALSE,FALSE,FALSE,FALSE,FALSE
"AT2G22450",TRUE,TRUE,FALSE,FALSE,TRUE
"AT2G47650",FALSE,FALSE,FALSE,FALSE,FALSE
"AT3G61770",FALSE,FALSE,FALSE,FALSE,FALSE
"AT1G70890",FALSE,FALSE,FALSE,FALSE,FALSE
"ATCG01060",FALSE,FALSE,FALSE,FALSE,FALSE
"AT5G54280",FALSE,FALSE,FALSE,FALSE,FALSE
"AT1G33600",TRUE,TRUE,FALSE,TRUE,TRUE
"AT1G05190",FALSE,FALSE,FALSE,TRUE,FALSE
"AT1G03600",FALSE,FALSE,FALSE,TRUE,FALSE
"AT4G02920",FALSE,FALSE,TRUE,TRUE,TRUE
"AT4G25080",FALSE,FALSE,FALSE,TRUE,FALSE
"AT2G29120",FALSE,TRUE,FALSE,FALSE,TRUE
"AT5G28060",FALSE,FALSE,FALSE,FALSE,FALSE
"AT4G17670",FALSE,TRUE,FALSE,TRUE,TRUE
"AT5G23575",TRUE,TRUE,FALSE,FALSE,FALSE
"AT3G62120",FALSE,TRUE,FALSE,FALSE,FALSE
"AT2G37990",FALSE,TRUE,FALSE,FALSE,FALSE
"AT4G26150",FALSE,TRUE,TRUE,TRUE,FALSE
"AT3G61560",FALSE,FALSE,FALSE,FALSE,FALSE
"AT3G62840",FALSE,FALSE,FALSE,FALSE,FALSE
"AT3G03560",FALSE,TRUE,FALSE,FALSE,FALSE
"AT3G09500",FALSE,FALSE,FALSE,FALSE,FALSE
"AT5G22740",FALSE,FALSE,TRUE,FALSE,FALSE
"AT1G21250",FALSE,TRUE,TRUE,TRUE,TRUE
"AT4G00165",FALSE,TRUE,TRUE,FALSE,FALSE
"AT1G14810",FALSE,FALSE,FALSE,TRUE,FALSE
"AT5G10390",FALSE,FALSE,TRUE,TRUE,TRUE
"AT1G53800",FALSE,TRUE,TRUE,FALSE,FALSE
"AT1G68310",FALSE,FALSE,FALSE,FALSE,FALSE
"AT3G22231",FALSE,FALSE,FALSE,TRUE,TRUE
"AT5G64120",FALSE,TRUE,TRUE,FALSE,FALSE
"AT1G74970",FALSE,FALSE,FALSE,TRUE,FALSE
"AT3G06700",FALSE,FALSE,FALSE,TRUE,FALSE
"AT5G23120",FALSE,FALSE,TRUE,TRUE,TRUE
"AT2G37190",FALSE,FALSE,FALSE,FALSE,FALSE
"AT2G32560",FALSE,TRUE,TRUE,TRUE,FALSE
"AT2G28570",FALSE,FALSE,TRUE,FALSE,FALSE
"AT3G49260",FALSE,FALSE,TRUE,TRUE,TRUE
"AT4G28910",FALSE,TRUE,FALSE,FALSE,FALSE
"AT1G33810",FALSE,FALSE,FALSE,FALSE,FALSE
"AT1G73230",FALSE,FALSE,FALSE,FALSE,FALSE
"AT3G50480",FALSE,TRUE,TRUE,TRUE,TRUE
"AT2G20120",FALSE,FALSE,FALSE,FALSE,FALSE
"AT1G75350",FALSE,TRUE,FALSE,FALSE,FALSE
"AT1G14670",FALSE,TRUE,FALSE,TRUE,TRUE
"AT5G19240",TRUE,TRUE,FALSE,TRUE,TRUE
"AT5G64290",FALSE,TRUE,FALSE,TRUE,TRUE
"AT1G08090",FALSE,FALSE,FALSE,FALSE,FALSE
"AT2G39470",FALSE,FALSE,FALSE,TRUE,TRUE
"AT1G72550",FALSE,FALSE,TRUE,FALSE,FALSE
"AT2G24120",FALSE,TRUE,TRUE,TRUE,TRUE
"AT3G09200",FALSE,TRUE,FALSE,TRUE,FALSE
"AT3G13180",FALSE,TRUE,FALSE,FALSE,FALSE
"AT2G15290",FALSE,FALSE,FALSE,FALSE,FALSE
"AT1G79440",TRUE,TRUE,FALSE,TRUE,TRUE
"AT1G51070",FALSE,FALSE,FALSE,TRUE,TRUE
"AT1G67620",FALSE,FALSE,TRUE,FALSE,TRUE
"AT1G30210",FALSE,TRUE,TRUE,FALSE,TRUE
"AT3G54220",FALSE,TRUE,TRUE,FALSE,FALSE
"AT5G51820",FALSE,TRUE,FALSE,FALSE,FALSE
"AT3G25717",FALSE,FALSE,TRUE,TRUE,TRUE
"AT1G32470",FALSE,FALSE,FALSE,FALSE,TRUE
"AT1G04510",FALSE,FALSE,FALSE,FALSE,FALSE
"AT3G07050",FALSE,TRUE,TRUE,TRUE,FALSE
"AT5G15360",FALSE,FALSE,FALSE,FALSE,FALSE
"AT1G22630",FALSE,FALSE,FALSE,TRUE,FALSE
"AT1G33040",FALSE,TRUE,FALSE,TRUE,TRUE
"AT4G09010",FALSE,TRUE,FALSE,TRUE,FALSE
"AT1G74690",FALSE,TRUE,FALSE,FALSE,TRUE
"AT1G55160",FALSE,TRUE,FALSE,FALSE,FALSE
"AT3G56400",TRUE,FALSE,FALSE,TRUE,TRUE
"AT3G27160",FALSE,TRUE,FALSE,TRUE,FALSE
"AT3G52870",FALSE,TRUE,TRUE,FALSE,TRUE
"AT4G09650",FALSE,TRUE,FALSE,TRUE,FALSE
"AT4G34620",FALSE,FALSE,FALSE,FALSE,FALSE
"AT5G01850",FALSE,TRUE,FALSE,FALSE,FALSE
"AT2G46220",FALSE,FALSE,TRUE,TRUE,TRUE
"AT3G47860",FALSE,TRUE,TRUE,FALSE,TRUE
"AT2G18020",FALSE,FALSE,FALSE,FALSE,FALSE
"AT3G11700",FALSE,TRUE,FALSE,FALSE,TRUE
"AT3G51600",FALSE,TRUE,FALSE,TRUE,TRUE
"AT5G24460",FALSE,FALSE,FALSE,TRUE,TRUE
"AT1G48630",FALSE,FALSE,TRUE,TRUE,FALSE
"AT1G31440",FALSE,FALSE,FALSE,FALSE,FALSE
"AT5G64480",FALSE,TRUE,TRUE,FALSE,FALSE
"AT2G39460",FALSE,FALSE,FALSE,FALSE,FALSE
"AT4G21215",FALSE,TRUE,TRUE,FALSE,FALSE
"AT2G21790",FALSE,TRUE,TRUE,TRUE,TRUE
"AT5G48300",FALSE,TRUE,FALSE,FALSE,FALSE
"AT3G49010",FALSE,FALSE,FALSE,TRUE,FALSE
"AT1G06720",FALSE,TRUE,FALSE,FALSE,TRUE
"AT1G25260",FALSE,FALSE,FALSE,FALSE,FALSE
"AT5G04360",FALSE,TRUE,FALSE,FALSE,FALSE
"AT3G05060",FALSE,FALSE,FALSE,FALSE,TRUE
"AT1G32990",FALSE,TRUE,FALSE,FALSE,FALSE
"AT3G47650",FALSE,FALSE,FALSE,FALSE,FALSE
"AT1G11330",FALSE,TRUE,FALSE,TRUE,TRUE
"AT2G31610",FALSE,FALSE,FALSE,FALSE,FALSE
"AT1G18850",FALSE,FALSE,FALSE,TRUE,FALSE
"ATCG01040",FALSE,FALSE,FALSE,FALSE,FALSE
"AT1G64720",FALSE,FALSE,TRUE,TRUE,FALSE
"AT2G20260",FALSE,FALSE,FALSE,FALSE,FALSE
"AT4G30950",FALSE,FALSE,FALSE,TRUE,FALSE
"AT4G05180",FALSE,TRUE,FALSE,TRUE,FALSE
"AT3G26650",FALSE,TRUE,FALSE,FALSE,FALSE
"AT5G43750",FALSE,FALSE,FALSE,TRUE,TRUE
"AT5G44420",FALSE,TRUE,FALSE,TRUE,FALSE
"AT1G07010",FALSE,TRUE,TRUE,TRUE,FALSE
"AT4G01525",FALSE,FALSE,FALSE,FALSE,FALSE
"AT3G01660",FALSE,TRUE,FALSE,FALSE,TRUE
"AT3G02230",FALSE,FALSE,TRUE,TRUE,TRUE
"AT5G55730",FALSE,TRUE,FALSE,FALSE,TRUE
"AT1G68050",FALSE,TRUE,TRUE,TRUE,TRUE
"AT3G08640",FALSE,TRUE,TRUE,FALSE,FALSE
"ATCG00620",FALSE,FALSE,FALSE,FALSE,FALSE
"AT4G15000",FALSE,FALSE,FALSE,TRUE,FALSE
"AT3G61110",FALSE,FALSE,FALSE,TRUE,FALSE
"AT3G44006",FALSE,FALSE,FALSE,FALSE,FALSE
"AT5G55580",FALSE,FALSE,TRUE,FALSE,TRUE
"AT5G46050",FALSE,FALSE,FALSE,TRUE,TRUE
"AT5G51100",FALSE,TRUE,FALSE,FALSE,FALSE
"AT1G05385",FALSE,FALSE,TRUE,TRUE,TRUE
"AT3G09820",FALSE,TRUE,FALSE,TRUE,TRUE
"AT3G26060",FALSE,TRUE,FALSE,TRUE,FALSE
"AT3G56090",FALSE,FALSE,FALSE,TRUE,TRUE
"AT1G52380",FALSE,TRUE,FALSE,FALSE,FALSE
"AT2G32690",FALSE,TRUE,FALSE,TRUE,FALSE
"AT2G40600",FALSE,FALSE,FALSE,FALSE,FALSE
"AT2G43150",FALSE,TRUE,FALSE,TRUE,TRUE
"AT2G47610",FALSE,TRUE,FALSE,FALSE,FALSE
"AT4G16240",FALSE,FALSE,FALSE,TRUE,FALSE
"AT3G47350",FALSE,TRUE,FALSE,FALSE,FALSE
"AT5G24020",FALSE,TRUE,FALSE,FALSE,FALSE
"AT4G26710",FALSE,FALSE,FALSE,TRUE,FALSE
"AT5G20360",FALSE,TRUE,FALSE,FALSE,FALSE
"AT4G20890",FALSE,FALSE,FALSE,TRUE,TRUE
"AT3G45780",FALSE,TRUE,FALSE,FALSE,FALSE
"ATCG00730",FALSE,FALSE,FALSE,FALSE,FALSE
"AT2G40510",FALSE,TRUE,FALSE,FALSE,FALSE
"AT1G09290",FALSE,FALSE,FALSE,FALSE,FALSE
"AT3G03710",FALSE,FALSE,TRUE,FALSE,FALSE
"AT5G07090",FALSE,TRUE,FALSE,FALSE,FALSE
"AT5G51110",FALSE,FALSE,FALSE,TRUE,FALSE
"AT1G77750",FALSE,TRUE,FALSE,FALSE,FALSE
"AT3G43720",FALSE,TRUE,TRUE,TRUE,TRUE
"AT3G46040",FALSE,FALSE,FALSE,TRUE,FALSE
"AT1G57720",FALSE,FALSE,FALSE,FALSE,FALSE
"AT3G23940",FALSE,TRUE,FALSE,TRUE,FALSE
"AT2G36620",FALSE,FALSE,FALSE,FALSE,FALSE
"AT3G27830",FALSE,TRUE,FALSE,FALSE,FALSE
"AT2G19730",FALSE,FALSE,FALSE,FALSE,FALSE
"AT3G13790",FALSE,FALSE,FALSE,TRUE,TRUE
"AT1G32060",FALSE,FALSE,FALSE,TRUE,FALSE
"AT5G38980",FALSE,TRUE,TRUE,TRUE,FALSE
"AT4G24770",FALSE,FALSE,FALSE,TRUE,FALSE
"AT4G33980",TRUE,FALSE,TRUE,TRUE,TRUE
"AT3G27740",FALSE,FALSE,FALSE,FALSE,FALSE
"AT4G17560",FALSE,TRUE,FALSE,FALSE,FALSE
"AT3G49110",FALSE,FALSE,FALSE,FALSE,FALSE
"AT2G35620",FALSE,FALSE,FALSE,FALSE,FALSE
"AT1G02280",FALSE,FALSE,FALSE,FALSE,FALSE
"AT4G33070",FALSE,FALSE,FALSE,FALSE,FALSE
"AT1G06950",FALSE,TRUE,FALSE,FALSE,TRUE
"AT3G45050",FALSE,FALSE,FALSE,FALSE,FALSE
"AT3G26780",FALSE,FALSE,FALSE,FALSE,FALSE
"AT1G26160",FALSE,TRUE,TRUE,FALSE,FALSE
"AT4G39730",FALSE,TRUE,FALSE,TRUE,FALSE
"AT2G22670",FALSE,TRUE,FALSE,FALSE,TRUE
"AT1G41880",FALSE,FALSE,FALSE,TRUE,FALSE
"AT5G08620",FALSE,TRUE,FALSE,FALSE,FALSE
"AT1G33470",FALSE,TRUE,FALSE,FALSE,TRUE
"AT2G22490",FALSE,FALSE,FALSE,FALSE,FALSE
"AT2G43030",FALSE,TRUE,FALSE,TRUE,FALSE
"AT1G48570",FALSE,TRUE,FALSE,FALSE,TRUE
"AT4G33865",FALSE,FALSE,FALSE,TRUE,FALSE
"AT5G19820",FALSE,FALSE,FALSE,FALSE,FALSE
"AT3G29185",FALSE,TRUE,FALSE,FALSE,FALSE
"AT4G25740",FALSE,FALSE,FALSE,FALSE,FALSE
"AT1G29370",FALSE,TRUE,FALSE,FALSE,FALSE
"AT4G34740",TRUE,FALSE,TRUE,TRUE,FALSE
"AT2G02130",FALSE,TRUE,FALSE,FALSE,TRUE
"AT3G20390",FALSE,FALSE,FALSE,FALSE,FALSE
"AT4G24460",FALSE,FALSE,TRUE,FALSE,TRUE
"AT4G14890",FALSE,TRUE,FALSE,FALSE,FALSE
"AT1G20950",FALSE,FALSE,TRUE,TRUE,TRUE
"AT3G53900",FALSE,TRUE,FALSE,TRUE,TRUE
"AT1G21240",FALSE,FALSE,FALSE,TRUE,TRUE
"AT2G41840",FALSE,FALSE,FALSE,FALSE,FALSE
"AT3G48730",FALSE,TRUE,FALSE,FALSE,FALSE
"AT3G09580",FALSE,FALSE,TRUE,TRUE,TRUE
"AT4G11175",FALSE,FALSE,FALSE,FALSE,FALSE
"AT1G65190",FALSE,TRUE,FALSE,FALSE,FALSE
"AT5G47030",FALSE,FALSE,FALSE,FALSE,FALSE
"AT1G14840",FALSE,TRUE,TRUE,FALSE,TRUE
"AT5G52310",FALSE,TRUE,FALSE,TRUE,TRUE
"AT5G28830",FALSE,FALSE,FALSE,FALSE,TRUE
"AT3G63190",FALSE,TRUE,FALSE,FALSE,FALSE
"AT5G23040",FALSE,FALSE,FALSE,FALSE,FALSE
"AT5G08280",FALSE,TRUE,FALSE,TRUE,FALSE
"AT2G41630",FALSE,TRUE,FALSE,FALSE,TRUE
"AT1G34760",TRUE,TRUE,FALSE,FALSE,FALSE
"AT1G13640",FALSE,FALSE,TRUE,TRUE,TRUE
"AT2G21320",FALSE,TRUE,TRUE,TRUE,TRUE
"AT5G63570",FALSE,TRUE,FALSE,TRUE,FALSE
"AT5G11170",FALSE,FALSE,FALSE,FALSE,FALSE
"AT1G05350",FALSE,TRUE,FALSE,FALSE,TRUE
"AT2G40490",FALSE,TRUE,FALSE,FALSE,FALSE
"AT4G26500",FALSE,TRUE,TRUE,FALSE,TRUE
"AT1G59600",FALSE,TRUE,FALSE,FALSE,FALSE
"AT3G26710",FALSE,FALSE,FALSE,FALSE,FALSE
"AT5G20060",FALSE,FALSE,TRUE,FALSE,FALSE
"AT5G19460",FALSE,FALSE,TRUE,FALSE,TRUE
"AT3G55360",FALSE,TRUE,FALSE,FALSE,FALSE
"AT3G15850",FALSE,FALSE,FALSE,TRUE,TRUE
"AT2G32230",FALSE,TRUE,FALSE,FALSE,FALSE
"AT3G59820",TRUE,TRUE,FALSE,TRUE,TRUE
"AT5G06240",FALSE,FALSE,FALSE,FALSE,FALSE
"AT5G62630",FALSE,FALSE,TRUE,TRUE,TRUE
"AT5G20950",FALSE,FALSE,FALSE,TRUE,FALSE
"AT2G39140",FALSE,TRUE,FALSE,FALSE,TRUE
"AT5G66680",FALSE,TRUE,FALSE,FALSE,FALSE
"AT2G29630",FALSE,FALSE,FALSE,FALSE,TRUE
"AT5G49230",FALSE,TRUE,FALSE,FALSE,FALSE
"AT5G51180",FALSE,FALSE,FALSE,FALSE,TRUE
"AT1G45230",FALSE,TRUE,FALSE,FALSE,TRUE
"AT5G49720",FALSE,FALSE,FALSE,FALSE,FALSE
"AT5G42540",FALSE,TRUE,FALSE,FALSE,FALSE
"AT3G12320",TRUE,TRUE,TRUE,TRUE,TRUE
"AT3G02200",FALSE,FALSE,FALSE,FALSE,FALSE
"AT1G73490",FALSE,FALSE,TRUE,FALSE,FALSE
"AT3G15710",FALSE,FALSE,FALSE,FALSE,TRUE
"AT1G15550",TRUE,TRUE,TRUE,TRUE,FALSE
"AT1G64090",FALSE,TRUE,FALSE,FALSE,FALSE
"AT4G21850",FALSE,FALSE,FALSE,TRUE,TRUE
"AT5G25754",FALSE,FALSE,FALSE,FALSE,FALSE
"AT2G34250",FALSE,FALSE,FALSE,FALSE,FALSE
"AT4G03560",FALSE,FALSE,FALSE,FALSE,TRUE
"AT1G78040",FALSE,TRUE,FALSE,TRUE,FALSE
"AT5G47930",FALSE,FALSE,FALSE,TRUE,FALSE
"AT1G48830",FALSE,FALSE,FALSE,FALSE,FALSE
"AT5G33320",FALSE,TRUE,FALSE,FALSE,TRUE
"AT5G21222",FALSE,FALSE,FALSE,FALSE,FALSE
"AT4G33760",FALSE,TRUE,FALSE,FALSE,TRUE
"AT1G31330",FALSE,TRUE,FALSE,TRUE,FALSE
"AT1G32500",FALSE,TRUE,FALSE,FALSE,FALSE
"AT1G78370",FALSE,FALSE,FALSE,FALSE,TRUE
"AT1G64230",FALSE,TRUE,TRUE,TRUE,FALSE
"AT4G15770",FALSE,FALSE,FALSE,FALSE,TRUE
"AT1G43170",FALSE,TRUE,FALSE,FALSE,FALSE
"AT4G12800",FALSE,FALSE,FALSE,TRUE,FALSE
"AT5G06980",TRUE,TRUE,TRUE,TRUE,TRUE
"AT2G39740",FALSE,FALSE,TRUE,FALSE,FALSE
"AT5G15200",FALSE,FALSE,FALSE,TRUE,FALSE
"AT1G14345",FALSE,TRUE,FALSE,TRUE,FALSE
"AT5G55990",FALSE,FALSE,FALSE,FALSE,TRUE
"AT3G47670",FALSE,TRUE,TRUE,FALSE,TRUE
"AT1G02930",FALSE,TRUE,FALSE,TRUE,TRUE
"AT1G30380",FALSE,FALSE,FALSE,FALSE,FALSE
"AT3G60320",FALSE,TRUE,TRUE,FALSE,TRUE
"AT1G80770",FALSE,TRUE,FALSE,TRUE,FALSE
"AT3G15030",TRUE,TRUE,TRUE,FALSE,TRUE
"AT3G14110",FALSE,FALSE,FALSE,FALSE,FALSE
"AT3G15480",FALSE,FALSE,FALSE,FALSE,FALSE
"AT1G08380",FALSE,TRUE,FALSE,FALSE,FALSE
"AT1G61380",TRUE,FALSE,FALSE,FALSE,TRUE
"AT1G07470",FALSE,FALSE,FALSE,FALSE,FALSE
"AT3G60520",FALSE,TRUE,TRUE,FALSE,TRUE
"AT3G58610",FALSE,TRUE,FALSE,FALSE,FALSE
"AT1G75980",FALSE,FALSE,TRUE,FALSE,FALSE
"AT2G25080",FALSE,TRUE,TRUE,TRUE,FALSE
"AT3G18410",FALSE,FALSE,FALSE,TRUE,FALSE
"AT5G54580",FALSE,FALSE,TRUE,TRUE,TRUE
"AT2G26730",FALSE,TRUE,TRUE,FALSE,TRUE
"AT2G42580",FALSE,FALSE,FALSE,TRUE,TRUE
"AT5G15650",FALSE,TRUE,FALSE,TRUE,TRUE
"AT2G41880",FALSE,FALSE,FALSE,FALSE,TRUE
"AT1G10670",FALSE,TRUE,FALSE,FALSE,FALSE
"AT2G38170",FALSE,FALSE,TRUE,FALSE,FALSE
"AT4G27820",TRUE,TRUE,FALSE,TRUE,TRUE
"AT2G04495",FALSE,FALSE,FALSE,TRUE,TRUE
"AT1G54250",FALSE,TRUE,FALSE,FALSE,FALSE
"AT5G44565",TRUE,TRUE,FALSE,TRUE,TRUE
"AT1G66740",FALSE,TRUE,FALSE,FALSE,FALSE
"AT5G62300",FALSE,FALSE,FALSE,FALSE,FALSE
"AT4G18370",FALSE,FALSE,FALSE,TRUE,FALSE
"AT3G10520",FALSE,FALSE,FALSE,TRUE,TRUE
"AT3G54090",FALSE,TRUE,FALSE,FALSE,TRUE
"AT3G11940",FALSE,FALSE,FALSE,FALSE,FALSE
"AT2G40430",FALSE,TRUE,FALSE,FALSE,FALSE
"AT4G28610",FALSE,FALSE,TRUE,FALSE,FALSE
"AT5G42130",FALSE,TRUE,FALSE,FALSE,FALSE
"AT2G42210",FALSE,FALSE,FALSE,FALSE,FALSE
"AT4G39250",FALSE,FALSE,FALSE,FALSE,FALSE
"AT5G09650",FALSE,FALSE,FALSE,FALSE,FALSE
"AT5G59850",FALSE,FALSE,TRUE,TRUE,FALSE
"AT1G31660",FALSE,FALSE,FALSE,FALSE,TRUE
"AT3G14600",FALSE,FALSE,FALSE,FALSE,FALSE
"AT4G01800",FALSE,TRUE,TRUE,FALSE,FALSE
"AT1G18080",FALSE,FALSE,FALSE,FALSE,FALSE
"AT5G13730",FALSE,FALSE,TRUE,TRUE,TRUE
"AT5G11560",FALSE,FALSE,FALSE,FALSE,FALSE
"AT4G01150",FALSE,FALSE,FALSE,FALSE,FALSE
"AT3G63140",FALSE,FALSE,FALSE,TRUE,FALSE
"AT1G47490",FALSE,FALSE,FALSE,FALSE,FALSE
"AT4G14960",FALSE,FALSE,FALSE,TRUE,FALSE
"AT5G02840",FALSE,FALSE,TRUE,TRUE,FALSE
"AT5G06340",FALSE,FALSE,TRUE,TRUE,TRUE
"AT4G03280",FALSE,FALSE,FALSE,FALSE,FALSE
"AT1G53760",FALSE,FALSE,TRUE,FALSE,FALSE
"AT5G22640",FALSE,FALSE,FALSE,FALSE,TRUE
"AT3G28040",FALSE,TRUE,TRUE,FALSE,FALSE
"AT3G25480",FALSE,FALSE,FALSE,FALSE,FALSE
"AT2G26330",FALSE,TRUE,FALSE,FALSE,FALSE
"AT2G36930",FALSE,FALSE,FALSE,FALSE,TRUE
"AT5G17990",FALSE,TRUE,FALSE,FALSE,FALSE
"AT3G59660",FALSE,TRUE,FALSE,FALSE,TRUE
"AT3G13160",FALSE,FALSE,TRUE,FALSE,TRUE
"AT3G14210",FALSE,TRUE,TRUE,FALSE,TRUE
"AT3G15110",FALSE,TRUE,FALSE,TRUE,FALSE
"AT1G65290",FALSE,FALSE,FALSE,FALSE,FALSE
"AT5G26742",FALSE,FALSE,FALSE,FALSE,FALSE
"AT2G24395",FALSE,FALSE,FALSE,FALSE,FALSE
"AT4G18060",FALSE,TRUE,FALSE,FALSE,FALSE
"AT4G08980",FALSE,TRUE,TRUE,FALSE,FALSE
"AT5G55140",FALSE,FALSE,FALSE,FALSE,FALSE
"AT3G23830",FALSE,FALSE,FALSE,FALSE,FALSE
"AT4G34555",FALSE,FALSE,TRUE,TRUE,FALSE
"AT5G64040",FALSE,FALSE,FALSE,TRUE,FALSE
"AT5G14320",FALSE,FALSE,FALSE,TRUE,FALSE
"AT5G61410",FALSE,FALSE,FALSE,TRUE,FALSE
"AT1G02920",FALSE,TRUE,FALSE,FALSE,TRUE
"AT1G50430",FALSE,FALSE,FALSE,FALSE,FALSE
"AT4G19390",FALSE,FALSE,FALSE,TRUE,FALSE
"AT1G74730",FALSE,FALSE,FALSE,FALSE,TRUE
"AT1G64405",FALSE,FALSE,TRUE,FALSE,FALSE
