"Genes","Calixto","Gehan","Park","Jia","Tiwari"
"AT1G01080",FALSE,FALSE,FALSE,FALSE,FALSE
"AT1G01720",FALSE,FALSE,TRUE,FALSE,FALSE
"AT1G01725",FALSE,FALSE,TRUE,FALSE,FALSE
"AT1G02920",TRUE,TRUE,TRUE,FALSE,FALSE
"AT1G02930",TRUE,TRUE,TRUE,TRUE,TRUE
"AT1G04240",TRUE,FALSE,FALSE,FALSE,FALSE
"AT1G04620",FALSE,TRUE,TRUE,TRUE,FALSE
"AT1G05150",FALSE,FALSE,FALSE,FALSE,FALSE
"AT1G06360",FALSE,TRUE,TRUE,FALSE,FALSE
"AT1G06960",FALSE,FALSE,FALSE,FALSE,FALSE
"AT1G07110",FALSE,TRUE,TRUE,FALSE,FALSE
"AT1G07180",FALSE,FALSE,FALSE,FALSE,TRUE
"AT1G09350",TRUE,TRUE,TRUE,TRUE,TRUE
"AT1G12310",FALSE,FALSE,FALSE,FALSE,FALSE
"AT1G13260",TRUE,TRUE,TRUE,TRUE,TRUE
"AT1G14300",FALSE,FALSE,TRUE,FALSE,TRUE
"AT1G15250",FALSE,TRUE,FALSE,FALSE,TRUE
"AT1G16260",FALSE,TRUE,TRUE,FALSE,TRUE
"AT1G18440",FALSE,FALSE,FALSE,FALSE,FALSE
"AT1G20770",FALSE,TRUE,FALSE,FALSE,FALSE
"AT1G22280",FALSE,FALSE,FALSE,FALSE,FALSE
"AT1G25550",FALSE,FALSE,FALSE,FALSE,TRUE
"AT1G26180",FALSE,FALSE,FALSE,FALSE,FALSE
"AT1G26850",FALSE,FALSE,FALSE,FALSE,FALSE
"AT1G27480",FALSE,FALSE,FALSE,FALSE,FALSE
"AT1G30490",FALSE,FALSE,TRUE,FALSE,FALSE
"AT1G31420",FALSE,FALSE,FALSE,FALSE,FALSE
"AT1G31550",FALSE,FALSE,FALSE,FALSE,FALSE
"AT1G45249",FALSE,FALSE,FALSE,FALSE,FALSE
"AT1G48790",FALSE,FALSE,FALSE,FALSE,FALSE
"AT1G49970",FALSE,FALSE,FALSE,FALSE,FALSE
"AT1G51690",FALSE,FALSE,FALSE,FALSE,FALSE
"AT1G52770",FALSE,FALSE,TRUE,TRUE,TRUE
"AT1G53230",FALSE,TRUE,TRUE,TRUE,FALSE
"AT1G55900",TRUE,TRUE,TRUE,FALSE,TRUE
"AT1G60710",FALSE,FALSE,FALSE,FALSE,FALSE
"AT1G61780",FALSE,FALSE,FALSE,FALSE,FALSE
"AT1G61800",TRUE,TRUE,TRUE,FALSE,TRUE
"AT1G62040",FALSE,TRUE,FALSE,FALSE,FALSE
"AT1G62570",TRUE,TRUE,TRUE,TRUE,TRUE
"AT1G65845",TRUE,TRUE,TRUE,FALSE,TRUE
"AT1G66700",TRUE,TRUE,TRUE,TRUE,TRUE
"AT1G68140",FALSE,FALSE,FALSE,FALSE,FALSE
"AT1G68500",TRUE,TRUE,TRUE,TRUE,TRUE
"AT1G69220",FALSE,FALSE,FALSE,FALSE,FALSE
"AT1G69940",FALSE,FALSE,FALSE,FALSE,FALSE
"AT1G70780",FALSE,TRUE,TRUE,TRUE,TRUE
"AT1G70810",FALSE,FALSE,TRUE,FALSE,FALSE
"AT1G71270",FALSE,FALSE,FALSE,FALSE,FALSE
"AT1G72170",FALSE,FALSE,FALSE,FALSE,FALSE
"AT1G73350",FALSE,FALSE,FALSE,FALSE,FALSE
"AT1G73870",FALSE,FALSE,TRUE,TRUE,TRUE
"AT1G73990",FALSE,FALSE,FALSE,FALSE,FALSE
"AT1G77940",TRUE,TRUE,FALSE,FALSE,TRUE
"AT1G78870",FALSE,FALSE,FALSE,FALSE,FALSE
"AT2G03730",FALSE,FALSE,FALSE,FALSE,FALSE
"AT2G14750",FALSE,TRUE,TRUE,FALSE,FALSE
"AT2G15000",TRUE,TRUE,TRUE,FALSE,TRUE
"AT2G17540",FALSE,FALSE,FALSE,FALSE,FALSE
"AT2G17975",FALSE,FALSE,FALSE,FALSE,FALSE
"AT2G19430",FALSE,FALSE,FALSE,FALSE,FALSE
"AT2G23810",FALSE,FALSE,TRUE,TRUE,TRUE
"AT2G25830",FALSE,FALSE,TRUE,FALSE,FALSE
"AT2G26680",FALSE,FALSE,FALSE,FALSE,FALSE
"AT2G28600",TRUE,TRUE,FALSE,TRUE,TRUE
"AT2G30270",FALSE,FALSE,FALSE,FALSE,FALSE
"AT2G30766",TRUE,TRUE,FALSE,FALSE,TRUE
"AT2G32600",FALSE,FALSE,FALSE,FALSE,FALSE
"AT2G34660",TRUE,FALSE,FALSE,FALSE,FALSE
"AT2G35040",FALSE,TRUE,FALSE,FALSE,TRUE
"AT2G35840",FALSE,FALSE,FALSE,FALSE,FALSE
"AT2G37035",FALSE,FALSE,FALSE,FALSE,FALSE
"AT2G37620",FALSE,FALSE,FALSE,FALSE,FALSE
"AT2G39470",FALSE,FALSE,TRUE,FALSE,TRUE
"AT2G40130",TRUE,TRUE,TRUE,TRUE,TRUE
"AT2G40280",FALSE,FALSE,FALSE,FALSE,FALSE
"AT2G41940",FALSE,FALSE,TRUE,FALSE,TRUE
"AT2G44290",TRUE,TRUE,TRUE,FALSE,TRUE
"AT2G45810",FALSE,FALSE,FALSE,FALSE,FALSE
"AT3G03870",FALSE,TRUE,FALSE,FALSE,TRUE
"AT3G03940",FALSE,FALSE,FALSE,FALSE,FALSE
"AT3G05800",TRUE,TRUE,TRUE,TRUE,TRUE
"AT3G06290",FALSE,FALSE,FALSE,FALSE,FALSE
"AT3G06310",FALSE,TRUE,FALSE,FALSE,FALSE
"AT3G06650",FALSE,FALSE,FALSE,FALSE,FALSE
"AT3G07320",FALSE,TRUE,TRUE,FALSE,FALSE
"AT3G07470",FALSE,FALSE,TRUE,TRUE,FALSE
"AT3G07650",FALSE,TRUE,TRUE,TRUE,TRUE
"AT3G07780",FALSE,FALSE,FALSE,FALSE,FALSE
"AT3G10610",TRUE,TRUE,FALSE,FALSE,FALSE
"AT3G11120",TRUE,TRUE,FALSE,FALSE,FALSE
"AT3G11945",FALSE,FALSE,FALSE,FALSE,FALSE
"AT3G12080",FALSE,FALSE,FALSE,FALSE,FALSE
"AT3G12400",FALSE,FALSE,FALSE,FALSE,FALSE
"AT3G13180",TRUE,TRUE,TRUE,FALSE,FALSE
"AT3G14650",FALSE,FALSE,FALSE,FALSE,FALSE
"AT3G16830",FALSE,FALSE,TRUE,FALSE,FALSE
"AT3G20230",FALSE,FALSE,FALSE,FALSE,FALSE
"AT3G20250",FALSE,FALSE,TRUE,FALSE,FALSE
"AT3G20310",FALSE,FALSE,FALSE,FALSE,FALSE
"AT3G21560",TRUE,TRUE,TRUE,TRUE,TRUE
"AT3G22520",FALSE,FALSE,FALSE,FALSE,FALSE
"AT3G26085",FALSE,FALSE,FALSE,FALSE,FALSE
"AT3G28730",FALSE,FALSE,FALSE,FALSE,FALSE
"AT3G28920",FALSE,FALSE,FALSE,FALSE,TRUE
"AT3G47470",TRUE,TRUE,TRUE,FALSE,TRUE
"AT3G54300",FALSE,FALSE,FALSE,FALSE,FALSE
"AT3G54990",FALSE,FALSE,FALSE,FALSE,FALSE
"AT3G55010",TRUE,TRUE,FALSE,FALSE,TRUE
"AT3G55360",FALSE,FALSE,FALSE,FALSE,FALSE
"AT3G56510",FALSE,FALSE,FALSE,FALSE,FALSE
"AT3G57530",FALSE,FALSE,FALSE,FALSE,TRUE
"AT3G59110",FALSE,FALSE,TRUE,FALSE,FALSE
"AT3G59420",FALSE,FALSE,FALSE,FALSE,FALSE
"AT3G61010",TRUE,TRUE,TRUE,FALSE,FALSE
"AT3G61220",FALSE,TRUE,TRUE,FALSE,TRUE
"AT3G63030",FALSE,FALSE,FALSE,FALSE,FALSE
"AT3G63110",FALSE,FALSE,TRUE,FALSE,FALSE
"AT4G01370",FALSE,FALSE,FALSE,FALSE,FALSE
"AT4G02280",FALSE,TRUE,TRUE,FALSE,FALSE
"AT4G08300",FALSE,FALSE,FALSE,FALSE,TRUE
"AT4G10040",TRUE,FALSE,TRUE,FALSE,TRUE
"AT4G12300",FALSE,FALSE,FALSE,FALSE,FALSE
"AT4G16180",FALSE,FALSE,FALSE,FALSE,FALSE
"AT4G17615",FALSE,FALSE,FALSE,TRUE,TRUE
"AT4G17670",TRUE,TRUE,TRUE,TRUE,TRUE
"AT4G18530",FALSE,FALSE,TRUE,FALSE,FALSE
"AT4G19860",TRUE,TRUE,FALSE,TRUE,TRUE
"AT4G20020",FALSE,FALSE,TRUE,FALSE,TRUE
"AT4G21105",FALSE,FALSE,FALSE,FALSE,FALSE
"AT4G21660",FALSE,FALSE,FALSE,FALSE,FALSE
"AT4G25080",TRUE,FALSE,TRUE,TRUE,TRUE
"AT4G27600",FALSE,FALSE,TRUE,FALSE,FALSE
"AT4G28470",FALSE,FALSE,FALSE,FALSE,FALSE
"AT4G29100",FALSE,FALSE,FALSE,FALSE,FALSE
"AT4G29120",FALSE,FALSE,FALSE,FALSE,FALSE
"AT4G32800",FALSE,FALSE,FALSE,TRUE,TRUE
"AT4G33070",TRUE,TRUE,TRUE,TRUE,TRUE
"AT4G33630",FALSE,FALSE,FALSE,FALSE,FALSE
"AT4G35480",TRUE,TRUE,TRUE,TRUE,TRUE
"AT4G36010",TRUE,TRUE,TRUE,TRUE,TRUE
"AT4G36850",FALSE,TRUE,TRUE,TRUE,FALSE
"AT5G01520",FALSE,TRUE,TRUE,FALSE,FALSE
"AT5G01990",FALSE,FALSE,TRUE,FALSE,FALSE
"AT5G03080",FALSE,FALSE,FALSE,FALSE,FALSE
"AT5G06160",FALSE,FALSE,FALSE,FALSE,TRUE
"AT5G06340",FALSE,FALSE,TRUE,FALSE,FALSE
"AT5G07360",FALSE,FALSE,FALSE,FALSE,FALSE
"AT5G07550",FALSE,FALSE,FALSE,FALSE,FALSE
"AT5G08420",FALSE,FALSE,FALSE,FALSE,FALSE
"AT5G08660",FALSE,FALSE,FALSE,FALSE,FALSE
"AT5G08760",TRUE,FALSE,TRUE,TRUE,TRUE
"AT5G09225",FALSE,FALSE,FALSE,FALSE,FALSE
"AT5G10745",FALSE,FALSE,FALSE,FALSE,FALSE
"AT5G11070",TRUE,TRUE,TRUE,TRUE,TRUE
"AT5G11450",FALSE,TRUE,FALSE,FALSE,FALSE
"AT5G11560",FALSE,FALSE,FALSE,FALSE,FALSE
"AT5G11920",FALSE,TRUE,TRUE,FALSE,FALSE
"AT5G12310",FALSE,FALSE,FALSE,FALSE,TRUE
"AT5G14060",TRUE,TRUE,TRUE,TRUE,TRUE
"AT5G18400",TRUE,TRUE,TRUE,TRUE,TRUE
"AT5G19450",FALSE,FALSE,FALSE,FALSE,FALSE
"AT5G24120",TRUE,TRUE,TRUE,FALSE,TRUE
"AT5G27760",FALSE,TRUE,TRUE,TRUE,TRUE
"AT5G33370",FALSE,FALSE,FALSE,FALSE,FALSE
"AT5G34850",FALSE,FALSE,TRUE,FALSE,TRUE
"AT5G35320",FALSE,FALSE,TRUE,FALSE,FALSE
"AT5G37480",FALSE,FALSE,FALSE,FALSE,FALSE
"AT5G37850",FALSE,FALSE,FALSE,FALSE,FALSE
"AT5G42310",FALSE,FALSE,FALSE,FALSE,FALSE
"AT5G45500",FALSE,TRUE,TRUE,FALSE,FALSE
"AT5G46250",TRUE,TRUE,FALSE,FALSE,FALSE
"AT5G48250",TRUE,TRUE,TRUE,TRUE,TRUE
"AT5G48370",FALSE,FALSE,TRUE,FALSE,FALSE
"AT5G48870",FALSE,FALSE,FALSE,FALSE,FALSE
"AT5G49760",FALSE,TRUE,TRUE,FALSE,FALSE
"AT5G50360",TRUE,TRUE,TRUE,TRUE,FALSE
"AT5G51640",FALSE,FALSE,TRUE,FALSE,FALSE
"AT5G52040",FALSE,TRUE,FALSE,FALSE,FALSE
"AT5G53480",FALSE,FALSE,FALSE,FALSE,FALSE
"AT5G55180",TRUE,TRUE,TRUE,TRUE,TRUE
"AT5G56350",TRUE,TRUE,TRUE,TRUE,TRUE
"AT5G58060",FALSE,FALSE,FALSE,FALSE,FALSE
"AT5G59050",FALSE,TRUE,TRUE,FALSE,TRUE
"AT5G59310",FALSE,TRUE,TRUE,FALSE,FALSE
"AT5G60400",FALSE,TRUE,TRUE,FALSE,TRUE
"AT5G60680",FALSE,FALSE,TRUE,TRUE,TRUE
"AT5G61590",FALSE,FALSE,TRUE,FALSE,FALSE
"AT5G62200",FALSE,TRUE,TRUE,FALSE,FALSE
"AT5G63180",FALSE,FALSE,TRUE,FALSE,TRUE
"AT5G63370",FALSE,FALSE,FALSE,FALSE,FALSE
"AT5G64880",FALSE,FALSE,FALSE,FALSE,FALSE
"AT5G65950",FALSE,FALSE,FALSE,FALSE,FALSE
"AT5G66510",FALSE,FALSE,FALSE,FALSE,FALSE
"ATCG00340",TRUE,FALSE,FALSE,FALSE,FALSE
