"Gene","Calixto","Gehan","Park","Jia","Tiwari"
"AT3G12580",TRUE,TRUE,TRUE,FALSE,TRUE
"AT5G44120",FALSE,FALSE,FALSE,FALSE,FALSE
"AT4G25140",FALSE,FALSE,FALSE,FALSE,FALSE
"AT1G03880",FALSE,FALSE,FALSE,FALSE,FALSE
"AT5G52640",TRUE,TRUE,TRUE,TRUE,FALSE
"AT1G36520",FALSE,FALSE,FALSE,FALSE,FALSE
"AT5G45890",FALSE,TRUE,TRUE,FALSE,FALSE
"AT5G12030",FALSE,TRUE,TRUE,FALSE,FALSE
"AT1G67865",TRUE,TRUE,TRUE,FALSE,TRUE
"AT5G42800",TRUE,TRUE,TRUE,TRUE,TRUE
"AT4G21320",TRUE,FALSE,TRUE,FALSE,FALSE
"AT5G54060",TRUE,FALSE,TRUE,FALSE,TRUE
"AT1G64360",TRUE,TRUE,FALSE,FALSE,TRUE
"AT5G59220",TRUE,FALSE,TRUE,TRUE,FALSE
"AT4G22880",TRUE,TRUE,TRUE,TRUE,TRUE
"AT1G65480",FALSE,FALSE,FALSE,FALSE,FALSE
"AT1G17710",TRUE,TRUE,TRUE,TRUE,FALSE
"AT3G27660",FALSE,TRUE,FALSE,FALSE,FALSE
"AT5G23750",FALSE,TRUE,TRUE,TRUE,TRUE
"AT4G28520",FALSE,FALSE,FALSE,FALSE,FALSE
"AT1G04560",FALSE,FALSE,FALSE,FALSE,FALSE
"AT2G31945",TRUE,TRUE,FALSE,FALSE,FALSE
"AT4G27160",FALSE,FALSE,FALSE,FALSE,FALSE
"AT1G67860",FALSE,TRUE,TRUE,FALSE,FALSE
"AT4G32810",FALSE,TRUE,FALSE,FALSE,FALSE
"AT2G32870",TRUE,TRUE,TRUE,TRUE,TRUE
"AT5G60910",FALSE,FALSE,TRUE,FALSE,FALSE
"AT4G14090",TRUE,FALSE,TRUE,FALSE,TRUE
"AT3G29590",TRUE,TRUE,TRUE,FALSE,TRUE
"AT1G11362",FALSE,FALSE,FALSE,FALSE,FALSE
"AT2G33380",TRUE,TRUE,TRUE,FALSE,TRUE
"AT4G16000",FALSE,TRUE,TRUE,TRUE,TRUE
"AT2G18050",TRUE,TRUE,TRUE,TRUE,TRUE
"AT5G06760",TRUE,TRUE,TRUE,TRUE,TRUE
"AT3G19580",TRUE,TRUE,TRUE,FALSE,TRUE
"AT3G49580",TRUE,TRUE,TRUE,TRUE,FALSE
"AT1G77450",TRUE,TRUE,TRUE,FALSE,FALSE
"AT5G10625",FALSE,TRUE,TRUE,FALSE,FALSE
"AT5G38710",TRUE,TRUE,TRUE,FALSE,FALSE
"AT1G05340",TRUE,FALSE,TRUE,FALSE,FALSE
"AT1G11190",FALSE,TRUE,TRUE,FALSE,FALSE
"AT1G13990",TRUE,TRUE,TRUE,FALSE,TRUE
"AT4G30450",FALSE,TRUE,TRUE,TRUE,FALSE
"AT5G65207",TRUE,TRUE,TRUE,TRUE,TRUE
"AT3G03470",TRUE,TRUE,TRUE,TRUE,TRUE
"AT5G33125",FALSE,FALSE,FALSE,FALSE,FALSE
"AT4G37990",TRUE,FALSE,TRUE,FALSE,FALSE
"AT2G32150",TRUE,TRUE,TRUE,TRUE,TRUE
"AT3G09640",FALSE,FALSE,FALSE,FALSE,FALSE
"AT2G25625",TRUE,TRUE,TRUE,FALSE,FALSE
"AT1G66500",FALSE,FALSE,TRUE,TRUE,TRUE
"AT5G16370",TRUE,TRUE,TRUE,TRUE,TRUE
"AT2G37770",TRUE,TRUE,TRUE,TRUE,TRUE
"AT4G22920",FALSE,TRUE,TRUE,FALSE,FALSE
"AT1G13520",TRUE,TRUE,TRUE,FALSE,FALSE
"AT5G47370",TRUE,TRUE,TRUE,FALSE,TRUE
"AT1G34060",FALSE,TRUE,TRUE,TRUE,TRUE
"AT5G42380",TRUE,TRUE,TRUE,TRUE,FALSE
"AT1G30040",FALSE,TRUE,TRUE,TRUE,TRUE
"AT4G11910",FALSE,FALSE,TRUE,FALSE,FALSE
"AT5G43620",TRUE,FALSE,TRUE,TRUE,TRUE
"AT1G16030",FALSE,FALSE,TRUE,FALSE,FALSE
"AT2G26150",TRUE,TRUE,TRUE,TRUE,FALSE
"AT2G23000",TRUE,TRUE,TRUE,TRUE,TRUE
"AT2G29500",TRUE,TRUE,TRUE,FALSE,FALSE
"AT2G36950",FALSE,FALSE,TRUE,TRUE,FALSE
"AT3G15500",TRUE,TRUE,TRUE,FALSE,FALSE
"AT2G41380",TRUE,TRUE,TRUE,FALSE,FALSE
"AT1G32920",TRUE,TRUE,TRUE,TRUE,TRUE
"AT1G06520",TRUE,TRUE,FALSE,FALSE,FALSE
"AT3G03910",FALSE,TRUE,TRUE,FALSE,FALSE
"AT3G57540",TRUE,TRUE,TRUE,FALSE,FALSE
"AT3G28100",TRUE,TRUE,TRUE,TRUE,TRUE
"AT3G57520",FALSE,TRUE,TRUE,FALSE,TRUE
"AT1G57590",FALSE,TRUE,TRUE,FALSE,TRUE
"AT5G64240",FALSE,TRUE,TRUE,TRUE,TRUE
"AT1G07350",TRUE,TRUE,TRUE,TRUE,TRUE
"AT5G18630",TRUE,TRUE,TRUE,TRUE,TRUE
"AT4G00780",TRUE,TRUE,TRUE,TRUE,TRUE
"AT3G08860",TRUE,TRUE,TRUE,TRUE,FALSE
"AT1G07500",TRUE,FALSE,TRUE,FALSE,FALSE
"AT2G40000",FALSE,TRUE,TRUE,TRUE,TRUE
"AT2G37750",TRUE,TRUE,TRUE,TRUE,FALSE
"AT4G19840",FALSE,FALSE,TRUE,FALSE,FALSE
"AT5G40690",TRUE,TRUE,TRUE,FALSE,FALSE
"AT5G48180",FALSE,TRUE,TRUE,FALSE,FALSE
"AT4G25000",FALSE,TRUE,TRUE,FALSE,FALSE
"AT4G08290",FALSE,TRUE,TRUE,TRUE,FALSE
"AT2G45210",FALSE,FALSE,TRUE,FALSE,FALSE
"AT4G14020",FALSE,TRUE,FALSE,FALSE,FALSE
"AT2G47190",TRUE,TRUE,TRUE,FALSE,FALSE
"AT1G15380",TRUE,TRUE,FALSE,TRUE,FALSE
"AT1G53560",TRUE,TRUE,TRUE,TRUE,TRUE
"AT3G05630",FALSE,FALSE,FALSE,TRUE,FALSE
"AT4G30460",FALSE,FALSE,TRUE,FALSE,FALSE
"AT5G28870",FALSE,FALSE,FALSE,FALSE,FALSE
"AT4G32250",FALSE,FALSE,FALSE,FALSE,FALSE
"AT2G35900",FALSE,TRUE,FALSE,FALSE,FALSE
"AT4G15490",FALSE,FALSE,TRUE,TRUE,TRUE
"AT5G48850",TRUE,TRUE,TRUE,TRUE,TRUE
"AT5G17220",TRUE,FALSE,TRUE,TRUE,TRUE
"AT5G39850",FALSE,TRUE,TRUE,TRUE,TRUE
"AT3G01970",TRUE,FALSE,FALSE,FALSE,FALSE
"AT2G39890",FALSE,TRUE,TRUE,FALSE,FALSE
"AT5G02560",TRUE,TRUE,TRUE,TRUE,TRUE
"AT4G09820",TRUE,TRUE,TRUE,FALSE,TRUE
"AT5G13080",TRUE,TRUE,TRUE,FALSE,FALSE
"AT4G35060",FALSE,TRUE,TRUE,FALSE,FALSE
"AT5G56870",TRUE,TRUE,TRUE,TRUE,TRUE
"AT1G54575",FALSE,TRUE,TRUE,TRUE,TRUE
"AT5G53120",FALSE,FALSE,TRUE,FALSE,FALSE
"AT1G23040",FALSE,TRUE,TRUE,FALSE,FALSE
"AT5G02230",TRUE,TRUE,TRUE,TRUE,TRUE
"AT5G20250",TRUE,TRUE,TRUE,TRUE,FALSE
"AT2G32210",FALSE,TRUE,TRUE,TRUE,TRUE
"AT2G22860",FALSE,TRUE,TRUE,FALSE,FALSE
"AT5G51990",TRUE,FALSE,TRUE,TRUE,TRUE
"AT3G60140",TRUE,TRUE,TRUE,TRUE,FALSE
"AT2G15310",FALSE,FALSE,FALSE,FALSE,FALSE
"AT3G12750",FALSE,FALSE,FALSE,FALSE,FALSE
"AT3G62960",TRUE,FALSE,FALSE,FALSE,FALSE
"AT3G58990",FALSE,TRUE,TRUE,FALSE,FALSE
"AT4G33150",TRUE,TRUE,TRUE,TRUE,TRUE
"AT5G01550",TRUE,TRUE,TRUE,FALSE,FALSE
"AT4G17870",TRUE,TRUE,TRUE,TRUE,TRUE
"AT3G15353",FALSE,TRUE,TRUE,FALSE,FALSE
"AT4G25390",FALSE,TRUE,TRUE,TRUE,FALSE
"AT2G01890",FALSE,TRUE,TRUE,FALSE,TRUE
"AT3G62260",FALSE,FALSE,TRUE,FALSE,FALSE
"AT1G58340",FALSE,FALSE,TRUE,FALSE,FALSE
"AT5G49360",TRUE,TRUE,TRUE,TRUE,TRUE
"AT2G41730",FALSE,TRUE,TRUE,TRUE,TRUE
"AT1G28130",FALSE,TRUE,FALSE,TRUE,FALSE
"AT4G32070",FALSE,TRUE,TRUE,FALSE,FALSE
"AT5G02020",TRUE,FALSE,TRUE,TRUE,TRUE
"AT1G60610",FALSE,FALSE,FALSE,FALSE,FALSE
"AT2G34810",TRUE,TRUE,TRUE,TRUE,TRUE
"AT2G31110",FALSE,TRUE,TRUE,TRUE,TRUE
"AT1G15670",TRUE,TRUE,TRUE,FALSE,TRUE
"ATMG00460",FALSE,FALSE,FALSE,FALSE,FALSE
"AT2G01610",FALSE,TRUE,TRUE,TRUE,FALSE
"AT3G21790",FALSE,FALSE,FALSE,FALSE,TRUE
"AT1G69790",FALSE,TRUE,TRUE,FALSE,FALSE
"AT4G27020",FALSE,TRUE,FALSE,FALSE,FALSE
"AT5G65300",TRUE,TRUE,TRUE,TRUE,TRUE
"AT5G16570",FALSE,TRUE,TRUE,FALSE,TRUE
"AT4G33040",FALSE,FALSE,TRUE,TRUE,FALSE
"AT1G76650",TRUE,FALSE,TRUE,TRUE,TRUE
"AT1G67810",TRUE,FALSE,TRUE,TRUE,FALSE
"AT1G80920",TRUE,TRUE,TRUE,TRUE,TRUE
"AT2G02990",TRUE,TRUE,TRUE,FALSE,FALSE
"AT5G05340",TRUE,FALSE,TRUE,FALSE,FALSE
"AT1G16960",FALSE,TRUE,TRUE,FALSE,FALSE
"AT5G53730",TRUE,FALSE,FALSE,FALSE,FALSE
"AT1G74930",TRUE,TRUE,TRUE,FALSE,FALSE
"AT2G37170",TRUE,TRUE,TRUE,TRUE,TRUE
"AT3G63060",TRUE,TRUE,TRUE,FALSE,FALSE
"AT5G27900",FALSE,FALSE,FALSE,FALSE,FALSE
"AT1G51340",FALSE,FALSE,FALSE,TRUE,TRUE
"AT4G36950",TRUE,FALSE,TRUE,TRUE,FALSE
"AT3G26580",TRUE,TRUE,FALSE,FALSE,TRUE
"AT5G05110",FALSE,FALSE,FALSE,FALSE,FALSE
"AT5G63800",TRUE,TRUE,TRUE,FALSE,TRUE
"AT3G26100",FALSE,TRUE,FALSE,FALSE,TRUE
"AT2G37760",FALSE,TRUE,TRUE,FALSE,FALSE
"AT5G17350",TRUE,TRUE,FALSE,TRUE,TRUE
"AT2G01520",TRUE,TRUE,FALSE,FALSE,FALSE
"AT4G21360",FALSE,FALSE,FALSE,FALSE,FALSE
"AT5G02580",TRUE,TRUE,TRUE,FALSE,FALSE
"AT2G27310",TRUE,TRUE,TRUE,FALSE,FALSE
"AT1G35210",FALSE,TRUE,TRUE,FALSE,FALSE
"AT3G15040",FALSE,FALSE,TRUE,TRUE,FALSE
"AT2G28400",FALSE,FALSE,TRUE,FALSE,FALSE
"AT3G21420",FALSE,TRUE,TRUE,TRUE,TRUE
"AT4G17250",TRUE,TRUE,TRUE,TRUE,TRUE
"AT1G21000",FALSE,FALSE,FALSE,FALSE,TRUE
"AT5G13800",FALSE,TRUE,FALSE,FALSE,FALSE
"AT4G15093",FALSE,TRUE,TRUE,FALSE,FALSE
"AT2G29420",FALSE,FALSE,FALSE,FALSE,FALSE
"AT1G20310",TRUE,FALSE,TRUE,FALSE,FALSE
"AT1G55850",FALSE,FALSE,TRUE,FALSE,TRUE
"AT5G35732",FALSE,TRUE,FALSE,FALSE,FALSE
"AT4G28290",FALSE,TRUE,TRUE,TRUE,TRUE
"AT5G18065",FALSE,FALSE,FALSE,FALSE,FALSE
"AT1G63800",TRUE,TRUE,TRUE,TRUE,TRUE
"AT2G26530",FALSE,TRUE,TRUE,FALSE,TRUE
"AT4G30530",FALSE,TRUE,TRUE,TRUE,TRUE
"AT1G79900",FALSE,FALSE,TRUE,FALSE,FALSE
"AT3G22740",TRUE,TRUE,TRUE,FALSE,FALSE
"AT3G26170",TRUE,TRUE,TRUE,FALSE,TRUE
"AT5G07440",FALSE,FALSE,TRUE,TRUE,FALSE
"AT5G62020",TRUE,TRUE,TRUE,FALSE,TRUE
"AT3G57680",FALSE,FALSE,TRUE,FALSE,TRUE
"AT1G05100",TRUE,FALSE,TRUE,TRUE,FALSE
"AT1G80300",FALSE,TRUE,TRUE,FALSE,FALSE
"AT1G62480",TRUE,TRUE,TRUE,TRUE,TRUE
"AT5G64530",FALSE,TRUE,TRUE,FALSE,FALSE
"AT1G51140",FALSE,TRUE,TRUE,TRUE,TRUE
"AT1G21010",FALSE,FALSE,FALSE,TRUE,FALSE
"AT5G07990",TRUE,TRUE,TRUE,TRUE,FALSE
"AT1G32450",FALSE,FALSE,TRUE,FALSE,FALSE
"AT3G43095",FALSE,FALSE,FALSE,FALSE,FALSE
"AT5G54840",FALSE,FALSE,TRUE,FALSE,FALSE
"AT4G11650",FALSE,TRUE,TRUE,FALSE,FALSE
"AT1G55280",FALSE,TRUE,FALSE,FALSE,FALSE
"AT1G56600",FALSE,TRUE,TRUE,TRUE,TRUE
"AT5G63850",FALSE,TRUE,TRUE,FALSE,FALSE
"AT1G19200",FALSE,TRUE,TRUE,FALSE,TRUE
"AT2G45403",FALSE,FALSE,FALSE,FALSE,FALSE
"AT1G71140",FALSE,FALSE,TRUE,TRUE,FALSE
"AT2G28180",FALSE,FALSE,FALSE,FALSE,FALSE
"AT1G80760",TRUE,TRUE,TRUE,FALSE,TRUE
"AT3G49570",FALSE,TRUE,FALSE,TRUE,FALSE
"AT3G26210",FALSE,TRUE,TRUE,FALSE,TRUE
"AT1G62990",FALSE,FALSE,TRUE,FALSE,FALSE
"AT3G23920",FALSE,TRUE,TRUE,FALSE,FALSE
"AT3G30775",TRUE,FALSE,TRUE,FALSE,FALSE
"AT5G44610",FALSE,TRUE,TRUE,FALSE,FALSE
"AT5G22850",TRUE,TRUE,FALSE,FALSE,FALSE
"AT1G01720",FALSE,FALSE,TRUE,FALSE,FALSE
"AT1G07610",FALSE,TRUE,TRUE,TRUE,TRUE
"AT5G27350",TRUE,TRUE,TRUE,TRUE,FALSE
"AT1G62660",TRUE,TRUE,TRUE,TRUE,TRUE
"AT3G62170",FALSE,FALSE,FALSE,FALSE,FALSE
"AT5G54660",TRUE,TRUE,TRUE,FALSE,TRUE
"AT5G42850",FALSE,FALSE,TRUE,FALSE,FALSE
"AT1G23010",FALSE,FALSE,TRUE,TRUE,FALSE
"AT2G38250",FALSE,TRUE,TRUE,TRUE,FALSE
"AT1G69410",TRUE,TRUE,TRUE,FALSE,FALSE
"AT3G15760",TRUE,TRUE,TRUE,TRUE,TRUE
"AT3G18950",FALSE,TRUE,TRUE,FALSE,FALSE
"AT4G25810",TRUE,TRUE,FALSE,TRUE,FALSE
"AT4G32940",FALSE,TRUE,TRUE,FALSE,TRUE
"AT4G13530",FALSE,TRUE,FALSE,FALSE,FALSE
"AT1G73010",TRUE,TRUE,TRUE,TRUE,FALSE
"AT1G09240",TRUE,TRUE,FALSE,FALSE,FALSE
"AT3G14280",TRUE,TRUE,TRUE,FALSE,TRUE
"AT5G47860",FALSE,FALSE,FALSE,FALSE,FALSE
"AT4G01070",FALSE,TRUE,TRUE,FALSE,FALSE
"AT2G17500",FALSE,TRUE,TRUE,FALSE,FALSE
"AT2G15480",FALSE,TRUE,TRUE,TRUE,FALSE
"AT5G51070",FALSE,FALSE,TRUE,FALSE,FALSE
"AT2G32190",TRUE,TRUE,TRUE,TRUE,FALSE
"AT5G54730",FALSE,FALSE,FALSE,FALSE,TRUE
"AT1G12970",FALSE,FALSE,FALSE,FALSE,TRUE
"AT2G04050",TRUE,FALSE,TRUE,TRUE,FALSE
"AT5G10770",FALSE,TRUE,TRUE,TRUE,TRUE
"AT3G28050",TRUE,TRUE,TRUE,TRUE,TRUE
"AT1G15010",TRUE,TRUE,TRUE,FALSE,FALSE
"AT4G37390",FALSE,TRUE,TRUE,FALSE,FALSE
"AT5G46180",FALSE,FALSE,FALSE,FALSE,TRUE
"AT4G21120",FALSE,TRUE,TRUE,TRUE,FALSE
"AT1G28190",FALSE,FALSE,TRUE,FALSE,TRUE
"AT1G73880",FALSE,FALSE,FALSE,FALSE,FALSE
"AT5G03990",FALSE,TRUE,TRUE,FALSE,FALSE
"AT3G02910",FALSE,TRUE,TRUE,FALSE,FALSE
"AT3G23790",FALSE,FALSE,TRUE,FALSE,TRUE
"AT1G26800",TRUE,TRUE,TRUE,TRUE,TRUE
"AT1G09070",FALSE,FALSE,TRUE,TRUE,TRUE
"AT1G52890",FALSE,TRUE,TRUE,TRUE,FALSE
"AT1G69490",TRUE,FALSE,TRUE,TRUE,TRUE
"AT1G75270",FALSE,TRUE,TRUE,FALSE,FALSE
"AT4G00880",TRUE,TRUE,TRUE,FALSE,FALSE
"AT5G54585",TRUE,TRUE,TRUE,FALSE,TRUE
"AT1G17380",FALSE,FALSE,TRUE,TRUE,TRUE
"AT3G04640",FALSE,FALSE,TRUE,TRUE,TRUE
"AT1G14130",FALSE,FALSE,TRUE,FALSE,FALSE
"AT3G10930",TRUE,TRUE,TRUE,FALSE,FALSE
"AT2G23790",TRUE,FALSE,FALSE,FALSE,FALSE
"AT2G05540",TRUE,TRUE,TRUE,TRUE,TRUE
"AT3G23160",FALSE,FALSE,FALSE,FALSE,FALSE
"AT5G39520",FALSE,FALSE,TRUE,FALSE,FALSE
"AT1G73260",FALSE,FALSE,TRUE,FALSE,FALSE
"AT1G07430",FALSE,TRUE,TRUE,TRUE,FALSE
"AT4G22780",FALSE,TRUE,TRUE,TRUE,TRUE
"AT2G25460",FALSE,TRUE,TRUE,TRUE,FALSE
"AT1G04350",TRUE,TRUE,TRUE,TRUE,TRUE
"AT2G37430",TRUE,TRUE,FALSE,FALSE,FALSE
"AT5G04980",TRUE,FALSE,TRUE,FALSE,TRUE
"AT5G13820",FALSE,TRUE,TRUE,FALSE,FALSE
"AT1G20823",FALSE,TRUE,TRUE,FALSE,TRUE
"AT1G54570",TRUE,TRUE,TRUE,TRUE,TRUE
"AT4G28270",TRUE,TRUE,TRUE,TRUE,TRUE
"AT3G53720",FALSE,FALSE,FALSE,FALSE,FALSE
"AT4G27280",FALSE,TRUE,TRUE,FALSE,TRUE
"AT1G31770",FALSE,FALSE,FALSE,FALSE,FALSE
"AT1G23710",FALSE,FALSE,FALSE,FALSE,TRUE
"AT1G19300",TRUE,TRUE,TRUE,FALSE,FALSE
"AT4G22820",FALSE,FALSE,TRUE,FALSE,FALSE
"AT4G29260",FALSE,FALSE,FALSE,FALSE,FALSE
"AT1G65660",FALSE,FALSE,FALSE,FALSE,FALSE
"AT3G26840",FALSE,FALSE,TRUE,FALSE,FALSE
"AT3G56240",FALSE,FALSE,TRUE,FALSE,FALSE
"AT2G29995",FALSE,FALSE,FALSE,FALSE,FALSE
"AT1G65490",TRUE,TRUE,TRUE,FALSE,TRUE
"AT1G06570",FALSE,FALSE,FALSE,FALSE,TRUE
"AT5G17650",FALSE,FALSE,FALSE,FALSE,FALSE
"AT2G30040",TRUE,TRUE,TRUE,TRUE,TRUE
"AT4G17170",FALSE,FALSE,FALSE,FALSE,FALSE
"AT5G39610",TRUE,TRUE,TRUE,FALSE,TRUE
"AT1G19020",TRUE,TRUE,TRUE,TRUE,TRUE
"AT3G44300",TRUE,TRUE,TRUE,FALSE,FALSE
"AT5G53350",FALSE,TRUE,FALSE,FALSE,FALSE
"AT5G61640",FALSE,TRUE,TRUE,FALSE,FALSE
"AT3G52820",TRUE,TRUE,TRUE,FALSE,FALSE
"AT5G49450",TRUE,TRUE,TRUE,TRUE,TRUE
"AT2G24550",TRUE,TRUE,TRUE,TRUE,TRUE
"AT3G04030",FALSE,FALSE,TRUE,TRUE,FALSE
"AT1G76600",FALSE,FALSE,FALSE,FALSE,TRUE
"AT4G00700",FALSE,TRUE,TRUE,FALSE,FALSE
"AT2G43120",FALSE,FALSE,TRUE,FALSE,TRUE
"AT1G23740",FALSE,TRUE,TRUE,TRUE,TRUE
"AT3G19960",FALSE,FALSE,TRUE,FALSE,FALSE
"AT3G25570",FALSE,TRUE,TRUE,TRUE,TRUE
"AT5G17450",FALSE,FALSE,FALSE,FALSE,TRUE
"AT5G46960",TRUE,TRUE,FALSE,FALSE,FALSE
"AT1G70980",FALSE,TRUE,TRUE,FALSE,FALSE
"AT5G64230",TRUE,TRUE,TRUE,TRUE,TRUE
"AT2G21640",FALSE,TRUE,TRUE,TRUE,FALSE
"AT2G14878",TRUE,FALSE,FALSE,FALSE,TRUE
"AT2G25680",FALSE,TRUE,FALSE,FALSE,FALSE
"AT3G44260",FALSE,TRUE,TRUE,TRUE,TRUE
"AT3G60690",FALSE,TRUE,TRUE,FALSE,TRUE
"AT1G22640",FALSE,TRUE,TRUE,TRUE,TRUE
"AT4G13395",TRUE,TRUE,TRUE,TRUE,FALSE
"AT1G54100",FALSE,FALSE,FALSE,FALSE,FALSE
"AT4G01600",FALSE,FALSE,FALSE,FALSE,FALSE
"AT3G11690",FALSE,TRUE,TRUE,FALSE,FALSE
"AT1G33060",FALSE,FALSE,FALSE,FALSE,FALSE
"AT3G03270",FALSE,FALSE,TRUE,FALSE,FALSE
"AT1G45191",TRUE,TRUE,TRUE,TRUE,FALSE
"AT5G06510",FALSE,TRUE,TRUE,TRUE,FALSE
"AT1G68720",FALSE,FALSE,FALSE,FALSE,FALSE
"AT5G52050",FALSE,FALSE,TRUE,TRUE,TRUE
"AT1G02400",TRUE,TRUE,TRUE,TRUE,TRUE
"AT1G23130",FALSE,TRUE,TRUE,FALSE,FALSE
"AT1G12610",FALSE,TRUE,TRUE,TRUE,FALSE
"AT3G45010",FALSE,FALSE,FALSE,FALSE,TRUE
"AT3G22370",TRUE,TRUE,TRUE,TRUE,TRUE
"AT5G17860",FALSE,FALSE,TRUE,FALSE,FALSE
"AT4G37370",TRUE,TRUE,TRUE,TRUE,TRUE
"AT5G44920",FALSE,FALSE,FALSE,TRUE,FALSE
"AT2G20920",FALSE,FALSE,FALSE,FALSE,FALSE
"AT4G32320",FALSE,FALSE,FALSE,FALSE,FALSE
"AT4G11300",FALSE,TRUE,TRUE,FALSE,FALSE
"AT5G65040",FALSE,FALSE,FALSE,FALSE,FALSE
"AT3G10985",TRUE,TRUE,TRUE,FALSE,FALSE
"AT1G26440",TRUE,TRUE,FALSE,TRUE,TRUE
"AT2G43510",FALSE,TRUE,TRUE,FALSE,TRUE
"AT2G46240",FALSE,FALSE,TRUE,TRUE,FALSE
"AT4G08300",FALSE,FALSE,FALSE,FALSE,TRUE
"AT1G76690",FALSE,FALSE,FALSE,FALSE,TRUE
"AT5G12110",TRUE,TRUE,TRUE,TRUE,FALSE
"AT1G70300",TRUE,TRUE,TRUE,FALSE,TRUE
"AT1G22160",FALSE,TRUE,TRUE,TRUE,TRUE
"AT2G41870",TRUE,TRUE,TRUE,TRUE,TRUE
"AT2G30020",FALSE,FALSE,TRUE,FALSE,TRUE
"AT1G01240",TRUE,TRUE,FALSE,TRUE,TRUE
"AT5G54640",FALSE,TRUE,TRUE,FALSE,TRUE
"AT1G25400",FALSE,FALSE,TRUE,TRUE,TRUE
"AT4G15440",TRUE,TRUE,TRUE,FALSE,FALSE
"AT3G50650",FALSE,FALSE,FALSE,TRUE,FALSE
"AT3G25780",FALSE,FALSE,TRUE,TRUE,FALSE
"AT4G21930",FALSE,FALSE,TRUE,TRUE,FALSE
"AT4G04830",TRUE,TRUE,TRUE,TRUE,FALSE
"AT1G77885",TRUE,TRUE,TRUE,FALSE,FALSE
"AT5G43850",TRUE,TRUE,TRUE,TRUE,TRUE
"AT4G29100",FALSE,FALSE,FALSE,FALSE,FALSE
"AT4G16480",FALSE,FALSE,FALSE,TRUE,FALSE
"AT5G09530",FALSE,FALSE,TRUE,TRUE,FALSE
"AT5G58650",TRUE,FALSE,FALSE,TRUE,TRUE
"AT3G06780",FALSE,TRUE,TRUE,TRUE,TRUE
"AT1G22930",FALSE,FALSE,FALSE,FALSE,FALSE
"AT1G25530",FALSE,TRUE,TRUE,FALSE,FALSE
"AT1G11700",FALSE,FALSE,TRUE,TRUE,TRUE
"AT1G30700",FALSE,TRUE,TRUE,FALSE,FALSE
"AT3G60720",FALSE,FALSE,FALSE,FALSE,TRUE
"AT1G48260",FALSE,TRUE,TRUE,FALSE,TRUE
"AT5G61600",TRUE,TRUE,TRUE,TRUE,FALSE
"AT2G43290",FALSE,FALSE,TRUE,FALSE,TRUE
"AT4G18280",TRUE,TRUE,TRUE,TRUE,TRUE
"AT2G19350",FALSE,FALSE,TRUE,FALSE,FALSE
"AT4G30520",FALSE,TRUE,TRUE,TRUE,FALSE
"AT5G01520",FALSE,TRUE,TRUE,FALSE,FALSE
"AT3G47780",FALSE,FALSE,TRUE,TRUE,FALSE
"AT2G27389",FALSE,FALSE,FALSE,TRUE,FALSE
"AT3G43230",FALSE,FALSE,TRUE,FALSE,FALSE
"AT3G51860",TRUE,TRUE,TRUE,FALSE,FALSE
"AT2G20560",FALSE,FALSE,TRUE,FALSE,FALSE
"AT2G19110",FALSE,FALSE,FALSE,FALSE,FALSE
"AT4G29780",FALSE,FALSE,TRUE,TRUE,TRUE
"AT4G24450",FALSE,TRUE,FALSE,FALSE,FALSE
"AT5G66440",FALSE,FALSE,FALSE,FALSE,FALSE
"AT5G24660",FALSE,FALSE,TRUE,TRUE,TRUE
"AT1G55020",FALSE,TRUE,TRUE,TRUE,TRUE
"AT4G16260",FALSE,TRUE,TRUE,FALSE,FALSE
"AT3G22460",TRUE,TRUE,FALSE,TRUE,TRUE
"AT3G53230",FALSE,TRUE,TRUE,TRUE,TRUE
"AT1G74310",TRUE,TRUE,TRUE,FALSE,FALSE
"AT1G75380",TRUE,TRUE,TRUE,TRUE,TRUE
"AT5G08790",FALSE,FALSE,TRUE,TRUE,TRUE
"AT4G16940",FALSE,TRUE,FALSE,TRUE,FALSE
"AT3G15352",TRUE,FALSE,TRUE,TRUE,TRUE
"AT1G47960",FALSE,TRUE,TRUE,FALSE,FALSE
"AT4G04610",FALSE,TRUE,TRUE,TRUE,TRUE
"AT5G15820",FALSE,FALSE,FALSE,FALSE,FALSE
"AT4G37980",FALSE,TRUE,TRUE,TRUE,TRUE
"AT3G60640",FALSE,FALSE,FALSE,FALSE,FALSE
"AT1G24148",TRUE,TRUE,TRUE,TRUE,TRUE
"AT5G66490",TRUE,TRUE,TRUE,TRUE,TRUE
"AT5G16200",TRUE,FALSE,TRUE,FALSE,TRUE
"AT5G15070",FALSE,FALSE,FALSE,FALSE,FALSE
"AT2G40110",TRUE,FALSE,FALSE,FALSE,TRUE
"AT3G19150",FALSE,FALSE,FALSE,FALSE,TRUE
"AT3G51430",FALSE,FALSE,TRUE,FALSE,TRUE
"AT5G27690",FALSE,TRUE,TRUE,FALSE,FALSE
"AT3G50840",FALSE,TRUE,TRUE,FALSE,TRUE
"AT1G64610",FALSE,FALSE,TRUE,FALSE,FALSE
"AT5G20810",FALSE,FALSE,TRUE,FALSE,FALSE
"AT3G17250",FALSE,TRUE,FALSE,FALSE,FALSE
"AT1G56650",FALSE,FALSE,TRUE,FALSE,TRUE
"AT1G28370",FALSE,TRUE,TRUE,TRUE,TRUE
"AT5G22250",FALSE,FALSE,TRUE,FALSE,FALSE
"AT5G21105",FALSE,TRUE,TRUE,FALSE,FALSE
"AT3G04520",FALSE,FALSE,TRUE,FALSE,FALSE
"AT3G26440",FALSE,FALSE,TRUE,TRUE,FALSE
"AT1G53160",FALSE,TRUE,TRUE,FALSE,FALSE
"AT3G51895",TRUE,FALSE,TRUE,FALSE,TRUE
"AT1G18300",TRUE,TRUE,TRUE,TRUE,TRUE
"AT2G41780",FALSE,TRUE,FALSE,FALSE,FALSE
"AT5G59320",FALSE,TRUE,TRUE,FALSE,TRUE
"AT3G52720",TRUE,TRUE,TRUE,TRUE,TRUE
"AT3G14020",FALSE,TRUE,TRUE,FALSE,FALSE
"AT3G55430",FALSE,FALSE,TRUE,TRUE,TRUE
"AT2G02710",FALSE,FALSE,FALSE,FALSE,TRUE
"AT5G04850",FALSE,FALSE,FALSE,FALSE,FALSE
"AT1G18870",FALSE,TRUE,TRUE,FALSE,TRUE
"AT5G47960",FALSE,FALSE,TRUE,TRUE,TRUE
"AT5G10520",FALSE,FALSE,FALSE,FALSE,FALSE
"AT1G76070",FALSE,TRUE,TRUE,FALSE,FALSE
"AT1G23820",FALSE,FALSE,FALSE,FALSE,FALSE
"AT2G37180",TRUE,TRUE,TRUE,TRUE,TRUE
"AT3G59140",FALSE,FALSE,TRUE,FALSE,FALSE
"AT4G02280",FALSE,TRUE,TRUE,FALSE,FALSE
"AT1G66540",FALSE,TRUE,TRUE,TRUE,FALSE
"AT2G31560",FALSE,FALSE,FALSE,FALSE,FALSE
"AT5G11680",FALSE,FALSE,TRUE,FALSE,FALSE
"AT2G34660",TRUE,FALSE,FALSE,FALSE,FALSE
"AT5G45800",FALSE,TRUE,TRUE,FALSE,FALSE
"AT5G05320",TRUE,FALSE,TRUE,FALSE,FALSE
"AT5G65380",FALSE,TRUE,TRUE,FALSE,TRUE
"AT1G55920",FALSE,TRUE,TRUE,TRUE,TRUE
"AT1G80180",TRUE,TRUE,TRUE,TRUE,TRUE
"AT4G27260",TRUE,TRUE,TRUE,TRUE,TRUE
"AT3G46520",FALSE,FALSE,FALSE,FALSE,FALSE
"AT1G21410",FALSE,FALSE,FALSE,FALSE,FALSE
"AT2G33510",FALSE,FALSE,TRUE,FALSE,FALSE
"AT3G26740",TRUE,TRUE,FALSE,FALSE,TRUE
"AT3G06850",TRUE,FALSE,TRUE,TRUE,TRUE
"AT3G01650",FALSE,TRUE,TRUE,FALSE,TRUE
"AT3G61060",FALSE,TRUE,TRUE,FALSE,TRUE
"AT2G35290",TRUE,TRUE,TRUE,TRUE,TRUE
"AT1G69880",FALSE,TRUE,TRUE,FALSE,FALSE
"AT5G62150",TRUE,TRUE,TRUE,TRUE,FALSE
"AT2G44500",FALSE,TRUE,TRUE,TRUE,TRUE
"AT5G66400",TRUE,TRUE,TRUE,FALSE,FALSE
"AT5G62770",FALSE,TRUE,TRUE,TRUE,FALSE
"AT1G52880",FALSE,TRUE,TRUE,FALSE,FALSE
"AT3G03000",TRUE,TRUE,TRUE,TRUE,TRUE
"AT1G06050",FALSE,FALSE,TRUE,FALSE,FALSE
"AT3G11840",TRUE,TRUE,TRUE,FALSE,TRUE
"AT5G24160",TRUE,TRUE,TRUE,TRUE,TRUE
"AT3G43307",FALSE,FALSE,FALSE,FALSE,FALSE
"AT3G22750",FALSE,FALSE,TRUE,FALSE,FALSE
"AT1G31170",FALSE,TRUE,TRUE,FALSE,TRUE
"AT5G15190",TRUE,TRUE,TRUE,TRUE,TRUE
"AT1G47128",FALSE,TRUE,TRUE,FALSE,TRUE
"AT4G01610",TRUE,FALSE,FALSE,FALSE,TRUE
"AT1G29290",FALSE,TRUE,TRUE,TRUE,FALSE
"AT3G24310",FALSE,FALSE,FALSE,TRUE,FALSE
"AT1G49740",FALSE,FALSE,TRUE,TRUE,FALSE
"AT3G55640",FALSE,FALSE,TRUE,FALSE,FALSE
"AT5G60360",TRUE,TRUE,FALSE,FALSE,TRUE
"AT3G11410",FALSE,FALSE,TRUE,FALSE,TRUE
"AT1G64370",FALSE,TRUE,TRUE,FALSE,FALSE
"AT2G21430",FALSE,TRUE,TRUE,FALSE,FALSE
"AT1G27130",FALSE,TRUE,TRUE,FALSE,FALSE
"AT4G35750",TRUE,FALSE,FALSE,TRUE,TRUE
"AT1G76130",FALSE,FALSE,FALSE,TRUE,TRUE
"AT4G24060",FALSE,FALSE,FALSE,FALSE,FALSE
"AT4G34560",FALSE,TRUE,FALSE,FALSE,TRUE
"AT2G32160",TRUE,TRUE,TRUE,FALSE,TRUE
"AT2G16740",FALSE,TRUE,TRUE,FALSE,FALSE
"AT1G65510",TRUE,TRUE,TRUE,FALSE,FALSE
"AT4G27410",TRUE,TRUE,TRUE,FALSE,FALSE
"AT3G62820",FALSE,TRUE,TRUE,FALSE,FALSE
"AT2G22680",FALSE,TRUE,FALSE,FALSE,FALSE
"AT1G18830",TRUE,TRUE,TRUE,FALSE,FALSE
"AT5G58350",FALSE,TRUE,TRUE,FALSE,TRUE
"AT5G40450",TRUE,TRUE,TRUE,TRUE,TRUE
"AT3G50260",TRUE,TRUE,TRUE,TRUE,TRUE
"AT4G36710",FALSE,FALSE,FALSE,FALSE,FALSE
"AT2G27510",FALSE,FALSE,FALSE,FALSE,FALSE
"AT4G12290",FALSE,TRUE,TRUE,TRUE,FALSE
"AT5G59150",FALSE,FALSE,FALSE,FALSE,FALSE
"AT1G76680",FALSE,TRUE,TRUE,FALSE,FALSE
"AT5G24030",TRUE,FALSE,TRUE,FALSE,TRUE
"AT1G59660",FALSE,FALSE,TRUE,FALSE,FALSE
"AT3G03870",FALSE,TRUE,FALSE,FALSE,TRUE
"AT3G22430",FALSE,FALSE,FALSE,FALSE,FALSE
"AT1G27730",TRUE,FALSE,TRUE,TRUE,TRUE
"AT1G80830",FALSE,FALSE,FALSE,FALSE,FALSE
"AT5G20230",TRUE,TRUE,TRUE,TRUE,TRUE
"AT2G22240",TRUE,TRUE,TRUE,FALSE,TRUE
"AT1G68440",FALSE,TRUE,TRUE,FALSE,TRUE
"AT3G44320",FALSE,TRUE,TRUE,TRUE,FALSE
"AT1G51440",FALSE,TRUE,TRUE,FALSE,FALSE
"AT3G11340",TRUE,TRUE,TRUE,TRUE,FALSE
"AT1G59740",FALSE,TRUE,TRUE,FALSE,FALSE
"AT5G20960",FALSE,FALSE,TRUE,FALSE,FALSE
"AT5G37770",FALSE,TRUE,TRUE,TRUE,TRUE
"AT2G38640",TRUE,FALSE,TRUE,FALSE,TRUE
"AT4G38030",FALSE,FALSE,FALSE,FALSE,FALSE
"AT2G38800",FALSE,TRUE,FALSE,FALSE,FALSE
"AT4G27450",TRUE,TRUE,TRUE,TRUE,TRUE
"AT4G23670",TRUE,TRUE,TRUE,TRUE,TRUE
"AT2G47880",FALSE,TRUE,TRUE,FALSE,FALSE
"AT3G62070",FALSE,TRUE,TRUE,TRUE,TRUE
"AT4G40040",FALSE,FALSE,FALSE,FALSE,FALSE
"AT3G53235",FALSE,TRUE,TRUE,FALSE,FALSE
"AT1G72430",TRUE,TRUE,TRUE,TRUE,TRUE
"AT1G72830",FALSE,TRUE,TRUE,FALSE,TRUE
"AT5G55110",FALSE,FALSE,FALSE,FALSE,FALSE
"AT4G15563",TRUE,TRUE,TRUE,FALSE,FALSE
"AT1G66350",FALSE,FALSE,TRUE,FALSE,FALSE
"AT1G67530",FALSE,FALSE,FALSE,FALSE,FALSE
"AT1G32640",TRUE,FALSE,FALSE,TRUE,FALSE
"AT1G54290",FALSE,FALSE,FALSE,FALSE,FALSE
"AT5G59050",FALSE,TRUE,TRUE,FALSE,TRUE
"AT4G03320",FALSE,TRUE,TRUE,FALSE,FALSE
"AT4G24480",FALSE,FALSE,TRUE,TRUE,FALSE
"AT5G63710",FALSE,FALSE,FALSE,FALSE,FALSE
"AT5G58680",FALSE,TRUE,TRUE,FALSE,FALSE
"AT4G10040",TRUE,FALSE,TRUE,FALSE,TRUE
"AT5G53486",FALSE,TRUE,TRUE,FALSE,FALSE
"AT4G12020",FALSE,FALSE,FALSE,FALSE,FALSE
"AT1G70290",TRUE,TRUE,TRUE,TRUE,TRUE
"AT3G51130",FALSE,FALSE,TRUE,FALSE,FALSE
"AT2G22470",FALSE,TRUE,TRUE,FALSE,FALSE
"AT3G05690",FALSE,TRUE,FALSE,TRUE,FALSE
"AT4G17030",FALSE,FALSE,TRUE,FALSE,TRUE
"AT4G28140",TRUE,TRUE,TRUE,TRUE,TRUE
"AT1G80940",FALSE,FALSE,FALSE,FALSE,TRUE
"AT5G10650",FALSE,FALSE,TRUE,FALSE,TRUE
"AT1G75280",FALSE,TRUE,TRUE,TRUE,FALSE
"AT1G64065",FALSE,FALSE,TRUE,FALSE,FALSE
"AT2G33580",FALSE,TRUE,TRUE,TRUE,TRUE
"AT4G27780",FALSE,FALSE,FALSE,FALSE,FALSE
"AT3G55470",FALSE,TRUE,TRUE,FALSE,FALSE
"AT1G35190",FALSE,FALSE,FALSE,FALSE,FALSE
"AT1G61890",FALSE,FALSE,TRUE,TRUE,TRUE
"AT5G47050",FALSE,TRUE,TRUE,FALSE,TRUE
"AT3G12090",FALSE,FALSE,FALSE,FALSE,FALSE
"AT4G38740",TRUE,FALSE,FALSE,FALSE,FALSE
"AT4G22570",FALSE,TRUE,TRUE,TRUE,TRUE
"AT5G64570",FALSE,TRUE,TRUE,TRUE,TRUE
"AT1G08760",FALSE,FALSE,FALSE,FALSE,FALSE
"AT1G30500",FALSE,TRUE,TRUE,FALSE,TRUE
"AT4G11280",FALSE,TRUE,TRUE,FALSE,TRUE
"AT4G31240",FALSE,FALSE,TRUE,FALSE,FALSE
"AT3G10250",TRUE,TRUE,FALSE,TRUE,TRUE
"AT4G05050",FALSE,FALSE,TRUE,FALSE,TRUE
"AT4G27150",FALSE,FALSE,FALSE,FALSE,FALSE
"AT4G13250",FALSE,FALSE,TRUE,FALSE,TRUE
"AT2G02230",FALSE,FALSE,TRUE,FALSE,FALSE
"AT5G10300",TRUE,TRUE,TRUE,FALSE,FALSE
"AT5G56270",FALSE,FALSE,TRUE,FALSE,FALSE
"AT4G25170",FALSE,FALSE,FALSE,FALSE,FALSE
"AT3G49540",FALSE,FALSE,FALSE,FALSE,FALSE
"AT4G15760",FALSE,TRUE,FALSE,FALSE,FALSE
"AT5G64750",TRUE,TRUE,TRUE,TRUE,TRUE
"AT1G02310",TRUE,TRUE,TRUE,TRUE,FALSE
"AT2G26740",FALSE,TRUE,TRUE,TRUE,TRUE
"AT4G13110",FALSE,TRUE,TRUE,FALSE,FALSE
"AT4G01430",FALSE,FALSE,TRUE,FALSE,FALSE
"AT1G71110",FALSE,TRUE,TRUE,FALSE,FALSE
"AT2G01180",FALSE,TRUE,FALSE,FALSE,TRUE
"AT5G43380",FALSE,TRUE,TRUE,TRUE,FALSE
"AT3G19240",FALSE,FALSE,FALSE,FALSE,FALSE
"AT2G11810",TRUE,TRUE,TRUE,TRUE,TRUE
"AT3G56360",TRUE,TRUE,TRUE,TRUE,TRUE
"AT3G17000",FALSE,FALSE,FALSE,FALSE,FALSE
"AT3G23250",TRUE,TRUE,TRUE,TRUE,FALSE
"AT5G27420",FALSE,FALSE,TRUE,FALSE,FALSE
"AT2G46030",FALSE,TRUE,FALSE,FALSE,TRUE
"AT4G14270",TRUE,FALSE,TRUE,FALSE,TRUE
"AT4G16770",FALSE,FALSE,TRUE,FALSE,TRUE
"AT1G55310",TRUE,TRUE,TRUE,TRUE,TRUE
"AT1G31812",FALSE,FALSE,FALSE,FALSE,FALSE
"AT1G23860",FALSE,TRUE,FALSE,TRUE,FALSE
"AT1G69270",FALSE,FALSE,TRUE,FALSE,FALSE
"ATMG00470",FALSE,FALSE,FALSE,FALSE,FALSE
"AT5G02380",FALSE,FALSE,FALSE,FALSE,FALSE
"AT3G51730",FALSE,FALSE,FALSE,FALSE,FALSE
"AT5G65210",FALSE,FALSE,FALSE,FALSE,FALSE
"AT1G53580",FALSE,FALSE,FALSE,FALSE,FALSE
"AT3G01930",FALSE,FALSE,TRUE,FALSE,FALSE
"AT4G28390",FALSE,TRUE,TRUE,FALSE,FALSE
"AT5G48400",TRUE,TRUE,TRUE,TRUE,FALSE
"AT5G23660",FALSE,TRUE,TRUE,TRUE,TRUE
"AT1G22190",FALSE,FALSE,FALSE,FALSE,TRUE
"AT5G26600",TRUE,TRUE,TRUE,TRUE,TRUE
"AT3G61980",FALSE,FALSE,FALSE,FALSE,FALSE
"AT5G41740",TRUE,TRUE,TRUE,TRUE,TRUE
"AT3G14050",TRUE,TRUE,TRUE,TRUE,TRUE
"AT3G59010",FALSE,TRUE,TRUE,FALSE,TRUE
"AT5G67350",FALSE,FALSE,TRUE,FALSE,TRUE
"AT4G24110",FALSE,FALSE,FALSE,TRUE,FALSE
"AT1G02660",FALSE,TRUE,TRUE,TRUE,TRUE
"AT2G25810",FALSE,TRUE,FALSE,TRUE,FALSE
"AT5G04340",TRUE,TRUE,TRUE,TRUE,TRUE
"AT4G12040",FALSE,FALSE,FALSE,FALSE,TRUE
"AT5G53750",FALSE,FALSE,TRUE,FALSE,TRUE
"AT5G10960",FALSE,TRUE,TRUE,FALSE,FALSE
"AT5G11930",FALSE,TRUE,TRUE,FALSE,FALSE
"AT5G62680",FALSE,FALSE,TRUE,FALSE,FALSE
"AT5G02490",TRUE,TRUE,TRUE,TRUE,TRUE
"AT5G40170",FALSE,TRUE,FALSE,TRUE,FALSE
"AT4G32440",FALSE,FALSE,FALSE,FALSE,FALSE
"AT3G62475",FALSE,FALSE,FALSE,FALSE,FALSE
"AT3G23570",FALSE,FALSE,TRUE,FALSE,TRUE
"AT1G67870",TRUE,TRUE,TRUE,FALSE,FALSE
"AT1G58420",TRUE,TRUE,TRUE,TRUE,TRUE
"AT2G06050",FALSE,TRUE,TRUE,FALSE,TRUE
"AT4G19700",FALSE,FALSE,TRUE,FALSE,FALSE
"AT5G53870",FALSE,TRUE,TRUE,TRUE,FALSE
"AT1G56170",FALSE,TRUE,TRUE,FALSE,TRUE
"AT4G26255",TRUE,TRUE,TRUE,FALSE,FALSE
"AT2G28110",FALSE,TRUE,TRUE,TRUE,FALSE
"AT2G27180",FALSE,FALSE,FALSE,FALSE,FALSE
"AT1G79160",FALSE,FALSE,FALSE,TRUE,FALSE
"AT1G70230",FALSE,FALSE,TRUE,FALSE,TRUE
"AT5G60580",FALSE,FALSE,TRUE,FALSE,FALSE
"AT3G50910",FALSE,TRUE,TRUE,FALSE,TRUE
"AT1G67820",FALSE,FALSE,TRUE,FALSE,FALSE
"AT3G27650",TRUE,TRUE,FALSE,FALSE,FALSE
"AT1G14870",TRUE,FALSE,TRUE,FALSE,FALSE
"AT2G40970",TRUE,TRUE,TRUE,TRUE,TRUE
"AT2G38210",FALSE,TRUE,TRUE,FALSE,FALSE
"AT1G14200",TRUE,TRUE,TRUE,TRUE,TRUE
"AT4G24230",TRUE,FALSE,FALSE,TRUE,TRUE
"AT3G54390",FALSE,TRUE,TRUE,FALSE,FALSE
"AT2G38710",FALSE,FALSE,FALSE,FALSE,FALSE
"AT5G10050",FALSE,FALSE,FALSE,FALSE,FALSE
"AT2G46720",FALSE,TRUE,TRUE,TRUE,FALSE
"AT4G36040",FALSE,TRUE,TRUE,FALSE,TRUE
"AT3G49780",TRUE,TRUE,TRUE,FALSE,TRUE
"AT5G18130",FALSE,TRUE,TRUE,FALSE,TRUE
"AT3G57810",FALSE,FALSE,FALSE,FALSE,FALSE
"AT5G10930",FALSE,TRUE,TRUE,TRUE,TRUE
"AT2G45220",FALSE,TRUE,TRUE,FALSE,FALSE
"AT4G19370",TRUE,TRUE,TRUE,FALSE,FALSE
"AT1G20630",FALSE,FALSE,FALSE,FALSE,FALSE
"AT4G22950",FALSE,TRUE,TRUE,FALSE,FALSE
"AT5G43150",FALSE,FALSE,TRUE,FALSE,TRUE
"AT3G29035",TRUE,TRUE,TRUE,FALSE,TRUE
"AT2G38790",FALSE,FALSE,TRUE,TRUE,TRUE
"AT5G19490",FALSE,TRUE,TRUE,FALSE,FALSE
"AT5G03230",TRUE,TRUE,TRUE,TRUE,TRUE
"AT1G03220",FALSE,FALSE,FALSE,TRUE,FALSE
"AT3G48190",FALSE,FALSE,TRUE,FALSE,FALSE
"AT1G19660",TRUE,TRUE,TRUE,TRUE,TRUE
"AT4G14260",FALSE,FALSE,FALSE,FALSE,FALSE
"AT5G65110",FALSE,FALSE,FALSE,FALSE,FALSE
"AT3G12730",FALSE,FALSE,FALSE,FALSE,FALSE
"AT1G74010",FALSE,TRUE,TRUE,TRUE,FALSE
"AT4G25670",FALSE,FALSE,FALSE,FALSE,FALSE
"AT4G16690",FALSE,FALSE,TRUE,FALSE,TRUE
"AT1G05620",FALSE,FALSE,FALSE,FALSE,FALSE
"AT3G26180",TRUE,TRUE,TRUE,FALSE,TRUE
"AT1G07128",FALSE,TRUE,TRUE,FALSE,FALSE
"AT5G48410",TRUE,TRUE,TRUE,TRUE,FALSE
"AT3G11050",TRUE,TRUE,TRUE,FALSE,FALSE
"AT4G15480",TRUE,FALSE,TRUE,FALSE,FALSE
"AT4G11220",FALSE,FALSE,TRUE,FALSE,FALSE
"AT3G18170",FALSE,TRUE,TRUE,TRUE,FALSE
"AT2G33150",FALSE,TRUE,TRUE,FALSE,FALSE
"AT3G03310",FALSE,FALSE,FALSE,FALSE,FALSE
"AT4G09030",FALSE,TRUE,FALSE,FALSE,FALSE
"AT2G15680",TRUE,TRUE,TRUE,FALSE,FALSE
"AT5G64310",FALSE,FALSE,TRUE,FALSE,TRUE
"AT2G46500",FALSE,FALSE,TRUE,FALSE,FALSE
"AT1G72450",FALSE,TRUE,TRUE,TRUE,TRUE
"AT5G64660",FALSE,FALSE,TRUE,TRUE,TRUE
"AT1G48000",FALSE,TRUE,TRUE,TRUE,FALSE
"AT1G70790",FALSE,FALSE,FALSE,FALSE,TRUE
"AT1G78670",FALSE,FALSE,TRUE,FALSE,FALSE
"AT5G54510",FALSE,FALSE,FALSE,TRUE,FALSE
"AT5G48655",FALSE,FALSE,FALSE,FALSE,FALSE
"AT1G08940",FALSE,TRUE,TRUE,FALSE,FALSE
"AT4G39670",TRUE,TRUE,TRUE,TRUE,FALSE
"AT2G03800",FALSE,FALSE,TRUE,FALSE,FALSE
"AT4G29490",FALSE,FALSE,FALSE,FALSE,FALSE
"AT3G57450",FALSE,TRUE,TRUE,FALSE,FALSE
"AT1G01360",FALSE,TRUE,FALSE,FALSE,TRUE
"AT1G72520",FALSE,FALSE,TRUE,TRUE,TRUE
"AT5G46240",FALSE,FALSE,TRUE,FALSE,TRUE
"AT3G62590",FALSE,FALSE,TRUE,FALSE,FALSE
"AT5G13190",FALSE,FALSE,TRUE,FALSE,FALSE
"AT5G45900",FALSE,FALSE,FALSE,FALSE,FALSE
"AT1G42990",TRUE,TRUE,TRUE,TRUE,FALSE
"AT2G20100",FALSE,FALSE,FALSE,FALSE,FALSE
"AT3G09085",FALSE,FALSE,FALSE,FALSE,FALSE
"AT1G65520",FALSE,FALSE,TRUE,FALSE,FALSE
"AT1G04770",FALSE,TRUE,TRUE,TRUE,TRUE
"AT1G10170",FALSE,FALSE,FALSE,FALSE,FALSE
"AT1G02305",FALSE,FALSE,FALSE,FALSE,FALSE
"AT5G42980",FALSE,FALSE,TRUE,FALSE,FALSE
"AT4G20260",FALSE,FALSE,FALSE,FALSE,FALSE
"AT4G04960",FALSE,FALSE,FALSE,FALSE,FALSE
"AT5G23050",TRUE,TRUE,TRUE,FALSE,TRUE
"AT4G17500",TRUE,FALSE,TRUE,FALSE,FALSE
"AT4G04955",FALSE,TRUE,TRUE,FALSE,TRUE
"AT3G05030",FALSE,TRUE,FALSE,FALSE,FALSE
"AT4G01020",FALSE,TRUE,FALSE,FALSE,FALSE
"AT1G76460",FALSE,FALSE,TRUE,FALSE,TRUE
"AT3G01890",FALSE,FALSE,FALSE,FALSE,FALSE
"AT3G19900",FALSE,TRUE,FALSE,FALSE,FALSE
"AT1G27385",FALSE,TRUE,FALSE,FALSE,FALSE
"AT5G10370",FALSE,TRUE,FALSE,FALSE,FALSE
"AT2G36830",TRUE,TRUE,TRUE,TRUE,TRUE
"AT5G12890",FALSE,TRUE,TRUE,FALSE,TRUE
"AT3G27030",FALSE,FALSE,TRUE,FALSE,FALSE
"AT5G55930",FALSE,TRUE,TRUE,TRUE,TRUE
"AT3G09350",TRUE,FALSE,TRUE,TRUE,TRUE
"AT2G44010",FALSE,FALSE,TRUE,FALSE,FALSE
"AT3G61890",TRUE,FALSE,TRUE,FALSE,FALSE
"AT2G32030",FALSE,FALSE,TRUE,FALSE,FALSE
"AT1G24575",FALSE,TRUE,TRUE,FALSE,FALSE
"AT5G24090",FALSE,TRUE,TRUE,FALSE,FALSE
"AT3G04060",FALSE,TRUE,TRUE,TRUE,FALSE
"AT1G63010",FALSE,FALSE,FALSE,FALSE,FALSE
"AT3G55980",TRUE,TRUE,TRUE,TRUE,TRUE
"AT1G10550",TRUE,TRUE,TRUE,TRUE,TRUE
"AT2G02390",FALSE,FALSE,TRUE,FALSE,FALSE
"AT3G28360",FALSE,FALSE,FALSE,FALSE,FALSE
"AT5G43780",FALSE,FALSE,TRUE,FALSE,FALSE
"AT1G23330",FALSE,FALSE,FALSE,FALSE,FALSE
"AT4G14680",FALSE,TRUE,TRUE,FALSE,FALSE
"AT1G73600",FALSE,TRUE,TRUE,FALSE,TRUE
"AT3G22600",TRUE,TRUE,TRUE,TRUE,TRUE
"AT3G61120",FALSE,FALSE,FALSE,FALSE,FALSE
"AT1G68740",FALSE,FALSE,TRUE,FALSE,TRUE
"AT2G22590",TRUE,TRUE,TRUE,TRUE,FALSE
"AT5G13330",FALSE,TRUE,TRUE,TRUE,FALSE
"AT3G17810",FALSE,FALSE,TRUE,FALSE,FALSE
"AT3G42837",FALSE,FALSE,FALSE,FALSE,FALSE
"AT5G01750",FALSE,FALSE,TRUE,FALSE,FALSE
"AT2G42790",FALSE,FALSE,TRUE,FALSE,TRUE
"AT1G76080",TRUE,TRUE,TRUE,TRUE,TRUE
"AT5G67600",FALSE,FALSE,FALSE,FALSE,FALSE
"AT5G24280",TRUE,TRUE,FALSE,FALSE,FALSE
"AT5G54870",FALSE,FALSE,FALSE,FALSE,FALSE
"AT1G19310",FALSE,TRUE,FALSE,FALSE,FALSE
"AT2G40100",FALSE,TRUE,TRUE,FALSE,TRUE
"AT5G59310",FALSE,TRUE,TRUE,FALSE,FALSE
"AT3G31720",FALSE,FALSE,FALSE,FALSE,FALSE
"AT1G06290",FALSE,FALSE,TRUE,TRUE,TRUE
"AT2G40900",TRUE,FALSE,TRUE,FALSE,TRUE
"AT1G69890",FALSE,TRUE,TRUE,TRUE,TRUE
"AT5G47070",FALSE,FALSE,FALSE,FALSE,FALSE
"AT1G44170",FALSE,TRUE,FALSE,FALSE,FALSE
"AT5G64250",FALSE,FALSE,FALSE,TRUE,FALSE
"AT3G21670",TRUE,FALSE,FALSE,FALSE,TRUE
"AT1G44350",TRUE,FALSE,TRUE,TRUE,TRUE
"AT1G76180",FALSE,FALSE,TRUE,FALSE,TRUE
"AT2G42890",FALSE,FALSE,TRUE,FALSE,FALSE
"AT1G57990",TRUE,TRUE,TRUE,TRUE,TRUE
"AT1G70800",TRUE,TRUE,TRUE,TRUE,TRUE
"AT3G27170",TRUE,TRUE,TRUE,FALSE,TRUE
"AT5G21950",FALSE,TRUE,FALSE,TRUE,TRUE
"AT1G76920",FALSE,FALSE,FALSE,FALSE,FALSE
"AT1G25682",FALSE,FALSE,FALSE,FALSE,TRUE
"AT2G40460",FALSE,TRUE,TRUE,FALSE,TRUE
"AT5G37740",FALSE,FALSE,FALSE,FALSE,FALSE
"AT3G16860",FALSE,TRUE,TRUE,TRUE,TRUE
"AT4G06641",FALSE,FALSE,FALSE,FALSE,FALSE
"AT4G13830",TRUE,TRUE,TRUE,TRUE,TRUE
"AT1G22360",FALSE,TRUE,TRUE,TRUE,FALSE
"AT5G62480",FALSE,TRUE,TRUE,FALSE,FALSE
"AT2G46510",FALSE,FALSE,FALSE,FALSE,FALSE
"AT4G37790",FALSE,FALSE,TRUE,FALSE,TRUE
"AT2G37440",FALSE,TRUE,FALSE,FALSE,FALSE
"AT4G33910",FALSE,FALSE,FALSE,FALSE,FALSE
"AT4G37180",FALSE,FALSE,FALSE,FALSE,FALSE
"AT4G00850",FALSE,TRUE,TRUE,FALSE,FALSE
"AT1G49470",FALSE,FALSE,FALSE,TRUE,FALSE
"AT3G53960",FALSE,FALSE,TRUE,FALSE,FALSE
"AT1G26670",TRUE,TRUE,FALSE,FALSE,TRUE
"AT5G07920",TRUE,FALSE,TRUE,FALSE,TRUE
"AT4G12910",FALSE,TRUE,TRUE,FALSE,FALSE
"AT5G01220",FALSE,FALSE,FALSE,TRUE,FALSE
"AT1G64620",FALSE,TRUE,TRUE,TRUE,FALSE
"AT2G18370",FALSE,FALSE,FALSE,FALSE,FALSE
"AT1G80050",FALSE,FALSE,TRUE,FALSE,FALSE
"AT1G45201",TRUE,TRUE,TRUE,TRUE,FALSE
"AT1G70740",FALSE,FALSE,FALSE,FALSE,FALSE
"AT2G42610",FALSE,TRUE,TRUE,FALSE,FALSE
"AT5G49710",FALSE,FALSE,FALSE,FALSE,FALSE
"AT3G16530",TRUE,FALSE,TRUE,TRUE,TRUE
"AT2G31990",FALSE,FALSE,TRUE,FALSE,FALSE
"AT5G59550",FALSE,FALSE,FALSE,FALSE,TRUE
"AT3G23150",FALSE,FALSE,TRUE,TRUE,TRUE
"AT3G26910",FALSE,FALSE,TRUE,FALSE,TRUE
"ATMG01390",TRUE,FALSE,FALSE,FALSE,FALSE
"AT1G32360",FALSE,FALSE,FALSE,FALSE,FALSE
"AT2G36120",TRUE,TRUE,TRUE,TRUE,FALSE
"AT4G11570",FALSE,TRUE,TRUE,FALSE,TRUE
"AT5G27150",FALSE,FALSE,FALSE,FALSE,FALSE
"AT2G24570",FALSE,FALSE,TRUE,FALSE,FALSE
"AT2G17787",FALSE,FALSE,FALSE,TRUE,TRUE
"AT1G10370",TRUE,FALSE,TRUE,FALSE,TRUE
"AT1G63750",FALSE,TRUE,FALSE,TRUE,TRUE
"AT2G33310",FALSE,FALSE,FALSE,FALSE,FALSE
"AT1G51700",FALSE,TRUE,TRUE,FALSE,TRUE
"AT5G63970",FALSE,TRUE,TRUE,FALSE,FALSE
"AT5G51040",FALSE,FALSE,TRUE,FALSE,FALSE
"AT3G05937",FALSE,TRUE,TRUE,FALSE,FALSE
"AT1G44770",FALSE,TRUE,TRUE,FALSE,TRUE
"AT5G64430",FALSE,TRUE,TRUE,FALSE,TRUE
"AT3G55970",TRUE,FALSE,TRUE,FALSE,FALSE
"AT3G48520",TRUE,TRUE,TRUE,TRUE,TRUE
"AT1G77000",FALSE,FALSE,TRUE,FALSE,FALSE
"AT1G68920",FALSE,FALSE,FALSE,FALSE,FALSE
"AT5G03720",TRUE,TRUE,FALSE,TRUE,TRUE
"AT1G51430",TRUE,TRUE,TRUE,TRUE,TRUE
"AT4G30960",FALSE,TRUE,TRUE,FALSE,TRUE
"AT5G20790",TRUE,TRUE,FALSE,TRUE,TRUE
"AT1G71100",FALSE,FALSE,TRUE,FALSE,FALSE
"AT1G15430",FALSE,TRUE,TRUE,FALSE,FALSE
"AT1G27980",FALSE,FALSE,FALSE,FALSE,FALSE
"AT1G28480",TRUE,TRUE,TRUE,FALSE,FALSE
"AT5G63760",FALSE,TRUE,TRUE,FALSE,FALSE
"AT3G06860",FALSE,FALSE,FALSE,FALSE,FALSE
"AT1G23850",TRUE,TRUE,TRUE,TRUE,FALSE
"AT3G18210",FALSE,FALSE,FALSE,FALSE,FALSE
"AT2G02040",FALSE,FALSE,FALSE,FALSE,FALSE
"AT5G57050",FALSE,TRUE,TRUE,TRUE,TRUE
"AT5G58980",FALSE,FALSE,FALSE,FALSE,TRUE
"AT3G50210",FALSE,TRUE,TRUE,FALSE,TRUE
"AT5G35735",FALSE,TRUE,TRUE,TRUE,TRUE
"AT2G27580",FALSE,TRUE,TRUE,FALSE,FALSE
"AT1G09490",FALSE,TRUE,TRUE,FALSE,FALSE
"AT5G26210",FALSE,FALSE,FALSE,FALSE,FALSE
"AT2G21970",FALSE,TRUE,TRUE,FALSE,TRUE
"AT5G22510",FALSE,FALSE,FALSE,FALSE,FALSE
"AT3G07790",FALSE,FALSE,FALSE,FALSE,FALSE
"AT1G06830",FALSE,FALSE,TRUE,FALSE,FALSE
"AT5G24655",TRUE,TRUE,TRUE,FALSE,FALSE
"AT4G13400",FALSE,FALSE,FALSE,FALSE,FALSE
"AT3G51760",FALSE,TRUE,TRUE,FALSE,FALSE
"AT2G04240",TRUE,FALSE,TRUE,FALSE,TRUE
"AT3G48740",FALSE,FALSE,FALSE,FALSE,FALSE
"AT4G37000",FALSE,TRUE,FALSE,FALSE,FALSE
"AT3G10940",FALSE,TRUE,TRUE,FALSE,TRUE
"AT3G52250",FALSE,FALSE,FALSE,FALSE,FALSE
"AT5G45380",TRUE,TRUE,TRUE,FALSE,TRUE
"AT3G27270",TRUE,FALSE,FALSE,FALSE,FALSE
"AT1G78680",TRUE,TRUE,TRUE,TRUE,TRUE
"AT4G02940",FALSE,FALSE,FALSE,FALSE,FALSE
"AT1G18270",FALSE,FALSE,FALSE,FALSE,FALSE
"AT3G52800",FALSE,FALSE,FALSE,TRUE,TRUE
"AT4G14965",FALSE,FALSE,FALSE,FALSE,FALSE
"AT5G63130",TRUE,TRUE,TRUE,FALSE,TRUE
"AT1G58030",TRUE,TRUE,FALSE,FALSE,TRUE
"AT2G43820",TRUE,FALSE,TRUE,FALSE,FALSE
"AT1G54710",FALSE,FALSE,FALSE,FALSE,FALSE
"AT1G13195",FALSE,FALSE,TRUE,FALSE,FALSE
"AT2G22560",FALSE,TRUE,TRUE,FALSE,FALSE
"AT5G28770",FALSE,TRUE,TRUE,TRUE,TRUE
"AT4G15800",FALSE,FALSE,TRUE,FALSE,FALSE
"AT1G72770",FALSE,FALSE,TRUE,FALSE,FALSE
"AT1G20110",FALSE,FALSE,FALSE,FALSE,FALSE
"AT3G16720",FALSE,TRUE,TRUE,FALSE,TRUE
"AT4G24590",FALSE,FALSE,FALSE,FALSE,FALSE
"AT1G24140",TRUE,TRUE,TRUE,FALSE,FALSE
"AT2G39650",FALSE,FALSE,TRUE,TRUE,TRUE
"AT1G07090",FALSE,FALSE,FALSE,FALSE,FALSE
"AT1G10140",FALSE,TRUE,TRUE,FALSE,FALSE
"AT3G16800",TRUE,FALSE,TRUE,TRUE,FALSE
"AT5G23090",FALSE,FALSE,FALSE,FALSE,FALSE
"AT2G29350",TRUE,FALSE,TRUE,FALSE,FALSE
"AT1G73080",FALSE,FALSE,FALSE,FALSE,FALSE
"AT3G20830",FALSE,TRUE,TRUE,FALSE,TRUE
"AT2G20740",FALSE,FALSE,FALSE,FALSE,FALSE
"AT4G11370",FALSE,FALSE,TRUE,TRUE,FALSE
"AT4G21990",FALSE,TRUE,TRUE,FALSE,FALSE
"AT1G62040",FALSE,TRUE,FALSE,FALSE,FALSE
"AT2G02010",FALSE,FALSE,TRUE,TRUE,TRUE
"AT1G60160",FALSE,FALSE,FALSE,FALSE,FALSE
"AT2G02870",FALSE,FALSE,TRUE,FALSE,FALSE
"AT4G02600",FALSE,FALSE,FALSE,FALSE,FALSE
"AT5G58320",FALSE,TRUE,TRUE,FALSE,FALSE
"AT3G51440",TRUE,TRUE,TRUE,TRUE,FALSE
"AT5G42740",FALSE,FALSE,FALSE,FALSE,FALSE
"AT4G31450",FALSE,TRUE,TRUE,FALSE,FALSE
"AT3G07780",FALSE,FALSE,FALSE,FALSE,FALSE
"AT4G14010",FALSE,TRUE,FALSE,FALSE,TRUE
"AT2G22795",FALSE,FALSE,FALSE,FALSE,TRUE
"AT5G19580",FALSE,TRUE,FALSE,FALSE,FALSE
"AT5G51700",FALSE,FALSE,FALSE,FALSE,FALSE
"AT1G32240",FALSE,FALSE,FALSE,FALSE,FALSE
"AT3G14440",TRUE,TRUE,TRUE,FALSE,TRUE
"AT1G08230",FALSE,FALSE,FALSE,FALSE,TRUE
"AT5G19875",TRUE,TRUE,TRUE,TRUE,TRUE
"AT3G53310",FALSE,FALSE,TRUE,FALSE,FALSE
"AT3G25870",TRUE,TRUE,TRUE,FALSE,TRUE
"AT1G64060",FALSE,FALSE,TRUE,FALSE,FALSE
"AT2G38410",FALSE,FALSE,FALSE,FALSE,FALSE
"AT4G14710",FALSE,FALSE,FALSE,FALSE,FALSE
"AT2G46700",FALSE,FALSE,FALSE,FALSE,FALSE
"AT1G78230",FALSE,FALSE,FALSE,FALSE,TRUE
"AT1G28200",FALSE,FALSE,FALSE,FALSE,FALSE
"AT3G42820",FALSE,FALSE,FALSE,FALSE,FALSE
"AT4G00355",FALSE,TRUE,FALSE,FALSE,TRUE
"AT4G09365",FALSE,FALSE,FALSE,FALSE,FALSE
"AT5G53030",FALSE,FALSE,FALSE,TRUE,FALSE
"AT4G34590",TRUE,FALSE,TRUE,FALSE,TRUE
"AT5G32402",FALSE,FALSE,FALSE,FALSE,FALSE
"AT4G39940",FALSE,TRUE,TRUE,TRUE,FALSE
"AT5G65280",FALSE,FALSE,FALSE,FALSE,TRUE
"AT4G14716",FALSE,TRUE,TRUE,FALSE,FALSE
"AT3G52400",FALSE,TRUE,TRUE,TRUE,TRUE
"AT4G38932",TRUE,FALSE,FALSE,TRUE,TRUE
"AT4G16190",FALSE,FALSE,TRUE,FALSE,TRUE
"AT3G45970",TRUE,TRUE,TRUE,TRUE,TRUE
"AT4G05320",FALSE,FALSE,FALSE,FALSE,FALSE
"AT1G71130",FALSE,TRUE,FALSE,FALSE,FALSE
"AT1G02500",FALSE,TRUE,TRUE,FALSE,FALSE
"AT1G66390",TRUE,TRUE,TRUE,FALSE,FALSE
"AT2G18700",FALSE,TRUE,TRUE,TRUE,TRUE
"AT2G15750",FALSE,FALSE,FALSE,FALSE,FALSE
"AT3G17100",TRUE,TRUE,TRUE,FALSE,TRUE
"AT5G54080",TRUE,TRUE,FALSE,FALSE,TRUE
"AT4G34230",TRUE,TRUE,TRUE,FALSE,FALSE
"AT1G78380",FALSE,FALSE,TRUE,FALSE,FALSE
"AT2G47710",FALSE,FALSE,FALSE,FALSE,FALSE
"AT1G67105",FALSE,TRUE,TRUE,FALSE,FALSE
"AT2G39420",FALSE,TRUE,TRUE,FALSE,TRUE
"AT5G58070",TRUE,TRUE,TRUE,TRUE,TRUE
"AT5G65870",FALSE,FALSE,TRUE,FALSE,TRUE
"AT4G10770",TRUE,TRUE,TRUE,TRUE,TRUE
"AT5G03380",FALSE,TRUE,TRUE,FALSE,FALSE
"AT5G63490",FALSE,FALSE,FALSE,FALSE,FALSE
"AT1G12320",FALSE,FALSE,FALSE,FALSE,TRUE
"AT2G29470",TRUE,FALSE,TRUE,FALSE,FALSE
"AT1G27530",FALSE,FALSE,FALSE,FALSE,FALSE
"AT5G07470",FALSE,TRUE,FALSE,FALSE,FALSE
"AT4G32270",FALSE,FALSE,FALSE,FALSE,FALSE
"AT1G17420",FALSE,TRUE,TRUE,TRUE,TRUE
"AT5G16980",TRUE,TRUE,TRUE,FALSE,FALSE
"AT1G01480",TRUE,FALSE,TRUE,TRUE,FALSE
"AT5G49520",TRUE,TRUE,TRUE,TRUE,TRUE
"AT3G53620",FALSE,FALSE,FALSE,FALSE,TRUE
"AT3G51500",FALSE,FALSE,FALSE,FALSE,FALSE
"AT3G08720",FALSE,TRUE,TRUE,FALSE,TRUE
"AT3G31340",FALSE,FALSE,FALSE,FALSE,FALSE
"AT2G41420",FALSE,FALSE,FALSE,FALSE,TRUE
"AT3G27020",TRUE,TRUE,TRUE,TRUE,TRUE
"AT1G27300",FALSE,TRUE,FALSE,FALSE,TRUE
"AT4G36990",FALSE,FALSE,TRUE,FALSE,FALSE
"AT4G10380",FALSE,TRUE,TRUE,FALSE,FALSE
"AT3G12110",FALSE,TRUE,TRUE,TRUE,TRUE
"AT1G10900",FALSE,TRUE,TRUE,TRUE,TRUE
"AT3G06170",FALSE,TRUE,FALSE,FALSE,FALSE
"AT2G28710",FALSE,FALSE,FALSE,FALSE,FALSE
"AT3G23170",FALSE,TRUE,TRUE,TRUE,TRUE
"AT2G43250",FALSE,FALSE,FALSE,FALSE,FALSE
"AT1G08630",TRUE,TRUE,FALSE,FALSE,FALSE
"AT1G74810",TRUE,TRUE,TRUE,FALSE,FALSE
"AT4G20930",TRUE,TRUE,FALSE,TRUE,TRUE
"AT1G21400",FALSE,TRUE,TRUE,FALSE,FALSE
"AT1G68820",FALSE,FALSE,FALSE,FALSE,FALSE
"AT1G11080",TRUE,FALSE,FALSE,TRUE,FALSE
"AT2G40140",TRUE,TRUE,TRUE,TRUE,TRUE
"AT1G11720",FALSE,TRUE,TRUE,TRUE,TRUE
"AT5G25280",TRUE,TRUE,TRUE,TRUE,TRUE
"AT2G30550",FALSE,FALSE,TRUE,FALSE,FALSE
"AT5G67290",TRUE,TRUE,TRUE,FALSE,FALSE
"AT2G38740",FALSE,FALSE,TRUE,FALSE,TRUE
"AT4G20210",FALSE,FALSE,FALSE,TRUE,FALSE
"AT5G21482",FALSE,FALSE,TRUE,FALSE,FALSE
"AT2G37540",FALSE,FALSE,FALSE,FALSE,TRUE
"AT4G19520",FALSE,TRUE,TRUE,TRUE,TRUE
"AT1G77990",FALSE,FALSE,TRUE,TRUE,FALSE
"AT5G49630",FALSE,TRUE,TRUE,FALSE,TRUE
"AT1G14340",FALSE,FALSE,TRUE,FALSE,FALSE
"AT5G02030",FALSE,FALSE,FALSE,FALSE,FALSE
"AT4G16760",FALSE,FALSE,TRUE,FALSE,FALSE
"AT4G15940",FALSE,FALSE,FALSE,FALSE,FALSE
"AT4G13660",FALSE,FALSE,FALSE,FALSE,FALSE
"AT5G59730",FALSE,FALSE,FALSE,FALSE,TRUE
"AT2G47060",FALSE,TRUE,FALSE,FALSE,TRUE
"AT1G67856",TRUE,FALSE,TRUE,FALSE,FALSE
"AT5G57350",FALSE,FALSE,FALSE,FALSE,FALSE
"AT4G16890",FALSE,FALSE,FALSE,FALSE,FALSE
"AT1G77370",FALSE,FALSE,TRUE,FALSE,FALSE
"AT2G17760",FALSE,FALSE,FALSE,FALSE,FALSE
"AT1G79770",TRUE,FALSE,TRUE,FALSE,FALSE
"AT5G18270",FALSE,TRUE,TRUE,TRUE,FALSE
"ATCG00180",TRUE,TRUE,TRUE,FALSE,FALSE
"AT5G01720",FALSE,FALSE,TRUE,FALSE,FALSE
"AT3G05670",FALSE,FALSE,FALSE,FALSE,FALSE
"AT2G35930",FALSE,TRUE,TRUE,FALSE,TRUE
"AT2G26660",FALSE,FALSE,FALSE,FALSE,FALSE
"AT5G26340",FALSE,FALSE,TRUE,TRUE,TRUE
"AT2G36960",FALSE,TRUE,TRUE,FALSE,TRUE
"AT5G58590",FALSE,FALSE,FALSE,FALSE,FALSE
"AT1G73680",FALSE,FALSE,FALSE,FALSE,FALSE
"AT3G20500",FALSE,TRUE,TRUE,FALSE,TRUE
"AT3G05200",FALSE,FALSE,TRUE,FALSE,FALSE
"AT2G37130",FALSE,FALSE,TRUE,TRUE,TRUE
"AT2G33620",FALSE,TRUE,TRUE,FALSE,FALSE
"AT5G38220",FALSE,FALSE,FALSE,FALSE,FALSE
"AT4G39140",FALSE,FALSE,TRUE,FALSE,FALSE
"AT1G19770",TRUE,TRUE,TRUE,TRUE,TRUE
"AT5G01820",FALSE,TRUE,TRUE,FALSE,FALSE
"AT2G27150",FALSE,FALSE,TRUE,FALSE,FALSE
"AT5G66240",FALSE,FALSE,FALSE,FALSE,FALSE
"AT5G20690",FALSE,FALSE,FALSE,FALSE,FALSE
"AT1G73440",FALSE,FALSE,FALSE,FALSE,FALSE
"AT1G58470",FALSE,FALSE,FALSE,FALSE,FALSE
"AT4G17790",FALSE,FALSE,FALSE,FALSE,FALSE
"AT3G20090",FALSE,FALSE,FALSE,TRUE,FALSE
"AT2G05260",FALSE,TRUE,FALSE,FALSE,FALSE
"AT4G11360",TRUE,TRUE,TRUE,FALSE,TRUE
"AT1G73500",FALSE,TRUE,FALSE,FALSE,FALSE
"AT1G78110",FALSE,FALSE,TRUE,TRUE,TRUE
"AT1G61660",FALSE,FALSE,FALSE,FALSE,FALSE
"AT2G17110",FALSE,FALSE,FALSE,FALSE,FALSE
"AT1G56140",FALSE,FALSE,FALSE,FALSE,FALSE
"AT5G13860",FALSE,FALSE,FALSE,FALSE,FALSE
"AT1G28380",FALSE,FALSE,FALSE,TRUE,TRUE
"AT3G28510",FALSE,TRUE,TRUE,TRUE,FALSE
"AT1G58360",FALSE,FALSE,TRUE,TRUE,TRUE
"AT5G43800",FALSE,FALSE,FALSE,FALSE,FALSE
"AT3G04530",TRUE,TRUE,TRUE,TRUE,FALSE
"AT1G32740",FALSE,FALSE,FALSE,FALSE,FALSE
"AT1G71960",FALSE,FALSE,FALSE,FALSE,FALSE
"AT5G17850",TRUE,TRUE,TRUE,TRUE,TRUE
"AT2G23780",FALSE,TRUE,TRUE,FALSE,TRUE
"AT5G11970",FALSE,FALSE,TRUE,FALSE,FALSE
"AT3G56310",FALSE,FALSE,FALSE,FALSE,FALSE
"AT3G14180",FALSE,FALSE,FALSE,FALSE,FALSE
"AT2G15390",FALSE,FALSE,TRUE,FALSE,TRUE
"AT1G09250",FALSE,TRUE,TRUE,TRUE,TRUE
"AT5G25890",FALSE,TRUE,TRUE,FALSE,TRUE
"AT5G13500",FALSE,FALSE,FALSE,FALSE,FALSE
"AT5G32440",FALSE,FALSE,FALSE,FALSE,FALSE
"AT5G23080",FALSE,FALSE,FALSE,FALSE,FALSE
"AT1G18590",FALSE,TRUE,TRUE,TRUE,FALSE
"AT2G23170",FALSE,TRUE,TRUE,FALSE,TRUE
"AT2G21560",TRUE,FALSE,TRUE,FALSE,FALSE
"AT1G55760",FALSE,FALSE,TRUE,FALSE,FALSE
"AT5G40240",FALSE,TRUE,TRUE,TRUE,TRUE
"AT3G47950",FALSE,FALSE,FALSE,FALSE,FALSE
"AT2G38130",FALSE,FALSE,FALSE,FALSE,FALSE
"AT1G55810",FALSE,FALSE,FALSE,FALSE,FALSE
"AT4G35190",TRUE,TRUE,TRUE,TRUE,FALSE
"AT4G19040",FALSE,FALSE,FALSE,FALSE,FALSE
"AT5G46950",FALSE,TRUE,TRUE,FALSE,FALSE
"AT5G29000",FALSE,FALSE,FALSE,FALSE,FALSE
"AT4G13180",FALSE,TRUE,TRUE,FALSE,TRUE
"AT3G55240",TRUE,TRUE,TRUE,TRUE,TRUE
"AT4G09760",FALSE,TRUE,TRUE,FALSE,TRUE
"AT3G60590",FALSE,FALSE,FALSE,FALSE,FALSE
"AT1G60730",TRUE,TRUE,TRUE,TRUE,FALSE
"AT2G38400",TRUE,TRUE,FALSE,FALSE,TRUE
"AT1G52320",FALSE,FALSE,TRUE,FALSE,FALSE
"AT1G59910",FALSE,FALSE,FALSE,FALSE,TRUE
"AT5G24430",FALSE,FALSE,FALSE,FALSE,FALSE
"AT1G69680",FALSE,FALSE,FALSE,FALSE,FALSE
"AT5G58020",FALSE,FALSE,FALSE,FALSE,FALSE
"AT3G59580",FALSE,TRUE,TRUE,FALSE,TRUE
"AT4G40060",TRUE,TRUE,TRUE,TRUE,TRUE
"AT3G14067",FALSE,TRUE,FALSE,TRUE,TRUE
"AT5G57655",TRUE,FALSE,TRUE,FALSE,FALSE
"AT5G07460",FALSE,TRUE,TRUE,FALSE,FALSE
"AT1G72300",FALSE,TRUE,TRUE,FALSE,TRUE
"AT3G17790",FALSE,TRUE,TRUE,TRUE,TRUE
"AT3G15510",FALSE,FALSE,FALSE,FALSE,TRUE
"AT3G16650",FALSE,TRUE,TRUE,FALSE,FALSE
"AT2G07360",FALSE,FALSE,FALSE,FALSE,FALSE
"AT5G41800",FALSE,FALSE,FALSE,FALSE,FALSE
"AT5G20490",FALSE,FALSE,FALSE,FALSE,FALSE
"AT1G80610",FALSE,TRUE,TRUE,FALSE,TRUE
"AT4G08900",FALSE,FALSE,FALSE,FALSE,FALSE
"AT2G27830",TRUE,TRUE,TRUE,TRUE,FALSE
"AT5G00480",FALSE,FALSE,FALSE,FALSE,FALSE
"AT4G05390",FALSE,TRUE,TRUE,FALSE,FALSE
"AT1G01490",FALSE,TRUE,TRUE,FALSE,FALSE
"AT4G13010",FALSE,FALSE,FALSE,FALSE,FALSE
"AT3G12400",FALSE,FALSE,FALSE,FALSE,FALSE
"AT5G52210",FALSE,FALSE,FALSE,FALSE,FALSE
"AT1G32690",FALSE,TRUE,FALSE,FALSE,FALSE
"AT1G22030",FALSE,FALSE,FALSE,FALSE,FALSE
"AT2G37460",FALSE,FALSE,TRUE,FALSE,TRUE
"AT1G79520",FALSE,FALSE,TRUE,FALSE,FALSE
"AT3G10910",TRUE,TRUE,FALSE,FALSE,FALSE
"AT4G21585",FALSE,FALSE,FALSE,FALSE,FALSE
"AT4G14990",FALSE,TRUE,FALSE,FALSE,TRUE
"AT4G10330",FALSE,FALSE,FALSE,FALSE,FALSE
"AT1G23150",FALSE,FALSE,FALSE,FALSE,FALSE
"AT1G30090",FALSE,FALSE,FALSE,FALSE,FALSE
"AT1G64810",FALSE,FALSE,TRUE,FALSE,FALSE
"AT3G22550",FALSE,FALSE,TRUE,FALSE,FALSE
"AT5G02370",FALSE,FALSE,FALSE,FALSE,FALSE
"AT5G49900",FALSE,TRUE,TRUE,TRUE,TRUE
"AT1G07440",TRUE,TRUE,TRUE,TRUE,TRUE
"AT3G47833",FALSE,FALSE,FALSE,FALSE,FALSE
"AT3G50900",FALSE,TRUE,FALSE,FALSE,FALSE
"AT5G50380",FALSE,FALSE,FALSE,FALSE,FALSE
"AT3G11960",FALSE,FALSE,FALSE,FALSE,FALSE
"AT3G53650",FALSE,FALSE,TRUE,TRUE,FALSE
"AT1G72210",FALSE,FALSE,TRUE,TRUE,TRUE
"AT1G27100",FALSE,FALSE,TRUE,FALSE,TRUE
"AT4G19860",TRUE,TRUE,FALSE,TRUE,TRUE
"AT2G23090",FALSE,FALSE,FALSE,FALSE,FALSE
"AT1G15340",FALSE,FALSE,TRUE,FALSE,FALSE
"AT5G46780",FALSE,TRUE,FALSE,FALSE,TRUE
"AT1G17550",FALSE,FALSE,FALSE,FALSE,FALSE
"AT1G80360",FALSE,FALSE,FALSE,FALSE,FALSE
"AT1G49780",FALSE,TRUE,TRUE,TRUE,TRUE
"AT5G67310",TRUE,FALSE,FALSE,FALSE,FALSE
"AT3G22530",FALSE,FALSE,TRUE,TRUE,FALSE
"AT2G31570",FALSE,FALSE,FALSE,FALSE,FALSE
"AT1G27660",FALSE,FALSE,TRUE,FALSE,FALSE
"AT2G05940",FALSE,FALSE,TRUE,FALSE,TRUE
"AT3G19000",FALSE,TRUE,TRUE,TRUE,TRUE
"AT5G50360",TRUE,TRUE,TRUE,TRUE,FALSE
"AT2G47750",TRUE,FALSE,TRUE,TRUE,TRUE
"AT5G14830",FALSE,FALSE,FALSE,FALSE,FALSE
"AT4G29160",FALSE,FALSE,FALSE,FALSE,FALSE
"AT2G33770",FALSE,TRUE,FALSE,FALSE,FALSE
"AT5G05750",FALSE,FALSE,FALSE,FALSE,FALSE
"AT1G50250",FALSE,TRUE,TRUE,FALSE,FALSE
"AT5G24870",FALSE,FALSE,TRUE,FALSE,TRUE
"AT3G16170",FALSE,FALSE,FALSE,FALSE,FALSE
"AT1G25370",FALSE,FALSE,TRUE,FALSE,TRUE
"AT2G38080",TRUE,TRUE,TRUE,FALSE,FALSE
"AT1G62422",TRUE,TRUE,TRUE,FALSE,TRUE
"AT2G26670",FALSE,FALSE,FALSE,FALSE,FALSE
"AT4G16790",FALSE,FALSE,TRUE,FALSE,TRUE
"AT2G36220",TRUE,TRUE,TRUE,TRUE,TRUE
"AT1G05710",FALSE,FALSE,FALSE,TRUE,FALSE
"AT3G11910",FALSE,FALSE,TRUE,FALSE,FALSE
"AT3G11330",FALSE,FALSE,TRUE,FALSE,FALSE
"AT1G49500",TRUE,TRUE,TRUE,FALSE,TRUE
"AT4G37680",FALSE,FALSE,FALSE,FALSE,FALSE
"AT1G24100",FALSE,TRUE,TRUE,FALSE,TRUE
"AT2G33480",FALSE,TRUE,TRUE,TRUE,TRUE
"AT5G34850",FALSE,FALSE,TRUE,FALSE,TRUE
"AT5G11810",FALSE,FALSE,TRUE,FALSE,FALSE
"AT5G62620",FALSE,FALSE,TRUE,FALSE,FALSE
"AT1G54130",FALSE,TRUE,TRUE,FALSE,FALSE
"AT2G38870",TRUE,FALSE,TRUE,FALSE,TRUE
"AT3G05165",FALSE,TRUE,TRUE,TRUE,FALSE
"AT5G39050",FALSE,FALSE,TRUE,TRUE,FALSE
"AT2G28910",TRUE,TRUE,FALSE,FALSE,FALSE
"AT1G02130",FALSE,FALSE,FALSE,FALSE,FALSE
"AT4G35770",TRUE,TRUE,TRUE,TRUE,TRUE
"AT1G12240",TRUE,TRUE,TRUE,TRUE,TRUE
"AT5G04490",TRUE,FALSE,FALSE,FALSE,TRUE
"AT1G59950",TRUE,FALSE,TRUE,FALSE,FALSE
"AT3G53810",FALSE,FALSE,TRUE,FALSE,TRUE
"AT5G57815",TRUE,FALSE,FALSE,FALSE,FALSE
"AT5G36160",FALSE,TRUE,TRUE,FALSE,FALSE
"AT5G15170",FALSE,TRUE,TRUE,FALSE,TRUE
"AT1G14330",FALSE,FALSE,FALSE,FALSE,FALSE
"AT5G54170",FALSE,FALSE,TRUE,FALSE,TRUE
"AT5G62930",TRUE,TRUE,TRUE,TRUE,TRUE
"AT5G17380",FALSE,FALSE,TRUE,FALSE,FALSE
"AT2G23910",TRUE,TRUE,TRUE,TRUE,TRUE
"AT1G16270",FALSE,TRUE,FALSE,FALSE,FALSE
"AT5G18640",FALSE,FALSE,TRUE,FALSE,TRUE
"AT4G08500",FALSE,FALSE,FALSE,FALSE,FALSE
"AT2G39830",FALSE,FALSE,FALSE,FALSE,FALSE
"AT3G29180",FALSE,FALSE,FALSE,FALSE,FALSE
"AT2G25010",FALSE,FALSE,FALSE,FALSE,FALSE
"AT5G52510",FALSE,FALSE,TRUE,FALSE,FALSE
"AT2G47800",FALSE,TRUE,TRUE,FALSE,FALSE
"AT3G12740",FALSE,FALSE,FALSE,FALSE,FALSE
"AT4G26950",FALSE,TRUE,TRUE,TRUE,FALSE
"AT5G16050",FALSE,FALSE,FALSE,FALSE,FALSE
"AT1G33970",FALSE,TRUE,TRUE,FALSE,TRUE
"AT1G30860",FALSE,FALSE,TRUE,FALSE,TRUE
"AT2G16900",FALSE,TRUE,FALSE,FALSE,FALSE
"AT3G57550",FALSE,TRUE,FALSE,FALSE,FALSE
"AT4G28350",FALSE,TRUE,TRUE,TRUE,TRUE
"AT5G01600",TRUE,TRUE,FALSE,FALSE,FALSE
"AT5G22630",FALSE,TRUE,TRUE,FALSE,FALSE
"AT5G19070",FALSE,FALSE,FALSE,FALSE,FALSE
"AT4G08240",FALSE,FALSE,FALSE,FALSE,FALSE
"AT3G01470",FALSE,FALSE,FALSE,FALSE,FALSE
"AT5G53890",FALSE,FALSE,FALSE,FALSE,FALSE
"AT3G01990",FALSE,TRUE,FALSE,FALSE,TRUE
"AT2G17570",FALSE,FALSE,FALSE,FALSE,FALSE
"AT3G44090",FALSE,FALSE,FALSE,FALSE,FALSE
"AT3G21230",TRUE,TRUE,TRUE,FALSE,TRUE
"AT1G32380",FALSE,FALSE,TRUE,FALSE,FALSE
"AT5G43260",TRUE,FALSE,TRUE,TRUE,TRUE
"AT5G02600",FALSE,FALSE,TRUE,FALSE,FALSE
"AT5G20410",FALSE,FALSE,TRUE,TRUE,FALSE
"AT3G07560",FALSE,TRUE,FALSE,FALSE,FALSE
"AT1G74590",FALSE,TRUE,TRUE,FALSE,FALSE
"AT2G39000",TRUE,TRUE,FALSE,FALSE,TRUE
"AT1G07870",FALSE,FALSE,TRUE,FALSE,TRUE
"AT1G22990",TRUE,TRUE,TRUE,TRUE,FALSE
"AT5G39775",FALSE,FALSE,FALSE,FALSE,FALSE
"AT3G51990",FALSE,FALSE,TRUE,FALSE,FALSE
"AT3G44310",FALSE,TRUE,TRUE,FALSE,TRUE
"AT5G13550",FALSE,FALSE,TRUE,FALSE,FALSE
"AT4G22240",FALSE,FALSE,FALSE,FALSE,FALSE
"AT3G05320",FALSE,TRUE,TRUE,FALSE,TRUE
"AT2G04550",FALSE,FALSE,FALSE,FALSE,FALSE
"AT4G19640",FALSE,FALSE,FALSE,FALSE,FALSE
"AT1G06400",FALSE,FALSE,FALSE,FALSE,FALSE
"AT3G49590",FALSE,FALSE,FALSE,FALSE,TRUE
"AT5G03210",TRUE,TRUE,TRUE,TRUE,TRUE
"AT5G16130",TRUE,TRUE,FALSE,FALSE,TRUE
"AT1G08570",FALSE,TRUE,TRUE,TRUE,FALSE
"AT4G23990",TRUE,FALSE,FALSE,TRUE,TRUE
"AT1G31120",FALSE,FALSE,FALSE,FALSE,FALSE
"AT1G65730",FALSE,FALSE,FALSE,FALSE,FALSE
"AT2G26310",FALSE,FALSE,FALSE,FALSE,FALSE
"AT1G72150",FALSE,TRUE,TRUE,FALSE,FALSE
"AT1G68660",FALSE,FALSE,FALSE,FALSE,FALSE
"AT5G63790",TRUE,TRUE,TRUE,TRUE,TRUE
"AT3G46930",FALSE,FALSE,TRUE,FALSE,FALSE
"AT3G60110",FALSE,FALSE,FALSE,FALSE,TRUE
"AT2G03310",TRUE,TRUE,TRUE,TRUE,TRUE
"AT4G33560",FALSE,TRUE,TRUE,TRUE,FALSE
"AT4G18880",FALSE,FALSE,TRUE,TRUE,TRUE
"AT1G23440",FALSE,FALSE,TRUE,FALSE,FALSE
"AT4G15260",TRUE,FALSE,FALSE,FALSE,TRUE
"AT3G21690",FALSE,FALSE,FALSE,TRUE,FALSE
"AT3G13910",FALSE,FALSE,TRUE,FALSE,FALSE
"AT3G46080",TRUE,TRUE,TRUE,TRUE,FALSE
"AT3G02515",FALSE,FALSE,FALSE,FALSE,FALSE
"AT1G12810",FALSE,FALSE,FALSE,FALSE,FALSE
"AT1G78080",FALSE,TRUE,FALSE,FALSE,FALSE
"AT4G34150",TRUE,TRUE,TRUE,TRUE,TRUE
"AT2G28200",FALSE,FALSE,FALSE,FALSE,FALSE
"AT2G23450",FALSE,TRUE,TRUE,FALSE,FALSE
"AT5G21274",FALSE,FALSE,FALSE,FALSE,FALSE
"AT3G03120",FALSE,FALSE,FALSE,FALSE,FALSE
"AT2G14750",FALSE,TRUE,TRUE,FALSE,FALSE
"AT1G04960",FALSE,FALSE,FALSE,FALSE,FALSE
"AT4G18530",FALSE,FALSE,TRUE,FALSE,FALSE
"AT2G19880",FALSE,FALSE,TRUE,FALSE,FALSE
"AT2G35760",FALSE,TRUE,TRUE,TRUE,TRUE
"AT1G06210",FALSE,FALSE,FALSE,FALSE,FALSE
"AT5G54500",FALSE,TRUE,FALSE,FALSE,FALSE
"AT2G39850",TRUE,TRUE,TRUE,TRUE,TRUE
"AT1G02340",FALSE,TRUE,TRUE,TRUE,TRUE
"AT5G66090",FALSE,FALSE,FALSE,FALSE,FALSE
"AT1G73710",FALSE,FALSE,FALSE,FALSE,FALSE
"AT5G38410",TRUE,TRUE,TRUE,FALSE,TRUE
"AT2G37920",TRUE,TRUE,TRUE,FALSE,TRUE
"AT3G28940",FALSE,FALSE,TRUE,FALSE,FALSE
"AT1G22400",TRUE,TRUE,TRUE,TRUE,TRUE
"AT1G73950",FALSE,FALSE,FALSE,FALSE,FALSE
"AT5G55000",FALSE,FALSE,TRUE,FALSE,FALSE
"AT1G28960",FALSE,FALSE,FALSE,FALSE,FALSE
"AT3G09370",FALSE,FALSE,TRUE,FALSE,FALSE
"AT4G21470",FALSE,FALSE,FALSE,FALSE,FALSE
"AT5G18670",TRUE,TRUE,TRUE,FALSE,TRUE
"AT1G75000",FALSE,TRUE,TRUE,FALSE,FALSE
"AT1G25275",FALSE,FALSE,TRUE,FALSE,TRUE
"AT3G12800",FALSE,FALSE,FALSE,FALSE,FALSE
"AT3G11100",TRUE,FALSE,FALSE,FALSE,FALSE
"AT5G25220",FALSE,FALSE,FALSE,FALSE,FALSE
"AT3G21610",FALSE,FALSE,FALSE,FALSE,FALSE
"AT3G63010",TRUE,TRUE,TRUE,FALSE,TRUE
"AT1G21680",FALSE,FALSE,TRUE,FALSE,FALSE
"AT5G27320",FALSE,FALSE,FALSE,FALSE,FALSE
"AT1G52720",TRUE,TRUE,TRUE,TRUE,FALSE
"AT2G39980",TRUE,TRUE,TRUE,FALSE,TRUE
"AT1G22885",FALSE,FALSE,FALSE,FALSE,FALSE
"AT5G42146",FALSE,FALSE,TRUE,FALSE,FALSE
"AT2G20410",FALSE,FALSE,FALSE,FALSE,FALSE
"AT1G70590",FALSE,FALSE,FALSE,FALSE,FALSE
"AT1G07640",FALSE,TRUE,FALSE,FALSE,TRUE
"AT4G14950",FALSE,FALSE,FALSE,FALSE,FALSE
"AT1G56510",FALSE,TRUE,TRUE,TRUE,TRUE
"AT5G24740",FALSE,FALSE,FALSE,FALSE,FALSE
"AT4G16150",FALSE,FALSE,FALSE,FALSE,FALSE
"AT4G24570",TRUE,FALSE,TRUE,TRUE,TRUE
"AT4G33940",FALSE,FALSE,FALSE,FALSE,FALSE
"AT1G08920",FALSE,TRUE,TRUE,TRUE,TRUE
"AT5G63905",FALSE,FALSE,TRUE,FALSE,FALSE
"AT5G43330",FALSE,FALSE,FALSE,FALSE,FALSE
"AT3G54620",FALSE,FALSE,FALSE,FALSE,FALSE
"AT5G03115",FALSE,FALSE,FALSE,FALSE,FALSE
"AT3G46010",FALSE,TRUE,TRUE,FALSE,FALSE
"AT4G24120",FALSE,FALSE,FALSE,TRUE,FALSE
"AT1G32150",FALSE,FALSE,FALSE,FALSE,FALSE
"AT3G01850",FALSE,FALSE,FALSE,FALSE,FALSE
"AT1G11170",FALSE,TRUE,TRUE,TRUE,TRUE
"AT4G24290",FALSE,FALSE,FALSE,FALSE,FALSE
"AT3G49360",FALSE,FALSE,FALSE,FALSE,FALSE
"AT1G03610",FALSE,TRUE,FALSE,TRUE,TRUE
"AT3G14130",FALSE,FALSE,FALSE,FALSE,FALSE
"AT2G00650",FALSE,FALSE,FALSE,FALSE,FALSE
"AT1G32400",FALSE,FALSE,FALSE,FALSE,FALSE
"AT5G14500",FALSE,FALSE,TRUE,FALSE,FALSE
"AT4G38730",FALSE,TRUE,FALSE,TRUE,FALSE
"AT1G32230",FALSE,FALSE,FALSE,FALSE,FALSE
"AT5G47910",FALSE,TRUE,TRUE,FALSE,FALSE
"AT2G09920",FALSE,FALSE,FALSE,FALSE,FALSE
"AT2G23140",FALSE,FALSE,FALSE,FALSE,FALSE
"AT4G00900",FALSE,FALSE,FALSE,FALSE,TRUE
"AT3G51890",FALSE,FALSE,TRUE,FALSE,FALSE
"AT4G30630",FALSE,FALSE,FALSE,FALSE,FALSE
"AT3G59280",FALSE,FALSE,TRUE,FALSE,FALSE
"AT5G51640",FALSE,FALSE,TRUE,FALSE,FALSE
"AT3G20300",FALSE,TRUE,TRUE,FALSE,FALSE
"AT5G04280",FALSE,FALSE,TRUE,FALSE,FALSE
"AT1G04580",TRUE,TRUE,TRUE,FALSE,FALSE
"AT3G15290",FALSE,FALSE,FALSE,FALSE,FALSE
"AT5G37500",TRUE,TRUE,TRUE,TRUE,FALSE
"AT5G47830",FALSE,FALSE,FALSE,FALSE,FALSE
"AT1G23870",TRUE,TRUE,TRUE,TRUE,FALSE
"AT5G27870",FALSE,FALSE,FALSE,FALSE,FALSE
"AT1G07670",FALSE,FALSE,FALSE,FALSE,FALSE
"AT3G18280",FALSE,FALSE,FALSE,FALSE,FALSE
"AT1G01550",FALSE,FALSE,FALSE,FALSE,FALSE
"AT3G62150",TRUE,TRUE,TRUE,TRUE,TRUE
"AT2G30230",TRUE,FALSE,FALSE,FALSE,FALSE
"AT2G23150",FALSE,FALSE,FALSE,FALSE,TRUE
"AT5G35320",FALSE,FALSE,TRUE,FALSE,FALSE
"AT4G20320",FALSE,TRUE,TRUE,FALSE,FALSE
"AT4G36980",FALSE,FALSE,FALSE,FALSE,TRUE
"AT1G08820",FALSE,FALSE,FALSE,FALSE,FALSE
"AT3G53830",FALSE,TRUE,TRUE,TRUE,TRUE
"AT3G49350",FALSE,FALSE,FALSE,FALSE,FALSE
"AT1G60140",FALSE,TRUE,TRUE,FALSE,FALSE
"AT3G54480",FALSE,FALSE,FALSE,FALSE,FALSE
"AT5G45240",FALSE,FALSE,FALSE,FALSE,FALSE
"AT1G12680",FALSE,FALSE,FALSE,FALSE,FALSE
"AT5G62570",FALSE,TRUE,TRUE,FALSE,TRUE
"AT1G72510",TRUE,TRUE,TRUE,FALSE,TRUE
"AT1G15400",TRUE,TRUE,FALSE,FALSE,TRUE
"AT1G60900",FALSE,FALSE,FALSE,FALSE,FALSE
"AT3G02880",FALSE,FALSE,FALSE,FALSE,FALSE
"AT4G16130",FALSE,FALSE,FALSE,FALSE,FALSE
"AT3G05500",TRUE,TRUE,TRUE,TRUE,TRUE
"AT1G53780",FALSE,FALSE,FALSE,FALSE,TRUE
"AT1G02020",FALSE,FALSE,FALSE,FALSE,FALSE
"AT3G23410",FALSE,TRUE,TRUE,FALSE,FALSE
"AT1G01470",TRUE,TRUE,TRUE,TRUE,TRUE
"AT2G17350",FALSE,FALSE,FALSE,FALSE,FALSE
"AT1G21580",FALSE,TRUE,FALSE,FALSE,FALSE
"AT5G19430",FALSE,FALSE,FALSE,FALSE,FALSE
"AT3G10420",FALSE,TRUE,FALSE,TRUE,TRUE
"AT1G74450",FALSE,FALSE,FALSE,TRUE,TRUE
"AT1G55590",FALSE,FALSE,FALSE,FALSE,FALSE
"AT3G51840",TRUE,FALSE,FALSE,FALSE,TRUE
"AT1G65440",FALSE,FALSE,FALSE,FALSE,FALSE
"AT1G10650",FALSE,TRUE,TRUE,FALSE,FALSE
"AT2G36410",FALSE,FALSE,TRUE,TRUE,FALSE
"AT3G54950",FALSE,FALSE,TRUE,FALSE,TRUE
"AT1G76820",FALSE,FALSE,TRUE,FALSE,FALSE
"AT5G58787",FALSE,FALSE,FALSE,FALSE,TRUE
"AT1G78960",FALSE,FALSE,FALSE,FALSE,FALSE
"AT4G35860",FALSE,FALSE,TRUE,FALSE,FALSE
"AT4G02410",FALSE,TRUE,TRUE,FALSE,FALSE
"AT4G09180",FALSE,FALSE,FALSE,FALSE,FALSE
"AT1G19380",TRUE,TRUE,TRUE,TRUE,TRUE
"AT3G30820",FALSE,FALSE,FALSE,FALSE,FALSE
"AT1G33780",TRUE,FALSE,TRUE,TRUE,TRUE
"AT2G43020",FALSE,FALSE,FALSE,FALSE,FALSE
"AT1G10060",FALSE,FALSE,TRUE,TRUE,TRUE
"AT3G13110",TRUE,FALSE,FALSE,FALSE,FALSE
"AT3G47510",FALSE,FALSE,FALSE,FALSE,FALSE
"AT2G31260",FALSE,FALSE,FALSE,FALSE,FALSE
"AT5G01030",FALSE,FALSE,FALSE,FALSE,FALSE
"AT2G45960",TRUE,TRUE,TRUE,TRUE,TRUE
"AT4G27585",FALSE,FALSE,FALSE,FALSE,FALSE
"AT1G68830",FALSE,TRUE,FALSE,FALSE,TRUE
"AT5G04830",FALSE,FALSE,TRUE,FALSE,FALSE
"AT4G30210",FALSE,FALSE,FALSE,FALSE,TRUE
"AT4G12070",FALSE,TRUE,TRUE,FALSE,FALSE
"AT5G65430",FALSE,FALSE,FALSE,FALSE,FALSE
"AT5G26731",FALSE,TRUE,TRUE,FALSE,FALSE
"AT4G15530",FALSE,FALSE,TRUE,FALSE,FALSE
"AT5G62600",FALSE,FALSE,FALSE,FALSE,FALSE
"AT1G45976",FALSE,FALSE,FALSE,FALSE,FALSE
"AT4G08555",FALSE,TRUE,TRUE,TRUE,FALSE
"AT5G51740",FALSE,FALSE,FALSE,FALSE,FALSE
"AT3G10845",FALSE,FALSE,FALSE,FALSE,FALSE
"AT1G44800",FALSE,TRUE,TRUE,FALSE,TRUE
"AT1G65840",FALSE,TRUE,TRUE,FALSE,FALSE
"AT3G27330",FALSE,FALSE,FALSE,FALSE,FALSE
"AT1G28520",FALSE,FALSE,TRUE,FALSE,FALSE
"AT3G03880",FALSE,FALSE,FALSE,FALSE,FALSE
"AT1G58280",TRUE,TRUE,TRUE,FALSE,TRUE
"AT4G15610",TRUE,FALSE,TRUE,FALSE,TRUE
"AT3G09030",FALSE,TRUE,TRUE,FALSE,FALSE
"AT5G64350",FALSE,FALSE,FALSE,FALSE,FALSE
"AT2G45820",FALSE,TRUE,TRUE,FALSE,TRUE
"AT1G48430",TRUE,TRUE,TRUE,TRUE,TRUE
"AT2G43060",FALSE,FALSE,FALSE,FALSE,FALSE
"AT2G45230",FALSE,FALSE,FALSE,FALSE,FALSE
"AT1G21450",FALSE,TRUE,TRUE,FALSE,TRUE
"AT2G27500",FALSE,TRUE,TRUE,TRUE,TRUE
"AT3G29390",FALSE,TRUE,FALSE,FALSE,FALSE
"AT3G07360",FALSE,TRUE,FALSE,FALSE,TRUE
"AT2G38660",FALSE,FALSE,FALSE,FALSE,FALSE
"AT4G15620",FALSE,TRUE,TRUE,FALSE,FALSE
"AT5G24590",FALSE,FALSE,TRUE,TRUE,TRUE
"AT2G23810",FALSE,FALSE,TRUE,TRUE,TRUE
"AT1G43700",FALSE,FALSE,FALSE,FALSE,FALSE
"AT1G66160",TRUE,TRUE,TRUE,TRUE,TRUE
"AT2G20320",FALSE,FALSE,FALSE,FALSE,FALSE
"AT1G29690",FALSE,FALSE,TRUE,TRUE,TRUE
"AT5G22950",FALSE,FALSE,FALSE,FALSE,FALSE
"AT2G29450",FALSE,FALSE,TRUE,FALSE,FALSE
"AT5G18120",FALSE,FALSE,FALSE,FALSE,FALSE
"AT1G64840",FALSE,FALSE,FALSE,FALSE,FALSE
"AT1G29800",FALSE,FALSE,FALSE,FALSE,TRUE
"AT1G07890",FALSE,FALSE,TRUE,FALSE,FALSE
"AT4G35000",FALSE,FALSE,TRUE,FALSE,FALSE
"AT5G10100",TRUE,TRUE,TRUE,TRUE,TRUE
"AT3G17410",FALSE,FALSE,FALSE,FALSE,FALSE
"AT1G73920",FALSE,TRUE,FALSE,FALSE,FALSE
"AT4G30470",TRUE,FALSE,TRUE,TRUE,FALSE
"AT1G18740",FALSE,FALSE,FALSE,TRUE,TRUE
"AT1G31340",FALSE,FALSE,FALSE,FALSE,FALSE
"AT2G47000",FALSE,TRUE,TRUE,TRUE,TRUE
"AT5G50780",FALSE,FALSE,FALSE,FALSE,FALSE
"AT1G12200",FALSE,TRUE,FALSE,FALSE,FALSE
"AT5G03340",FALSE,FALSE,FALSE,FALSE,FALSE
"AT2G41220",FALSE,FALSE,FALSE,FALSE,FALSE
"AT5G21940",FALSE,FALSE,TRUE,TRUE,TRUE
"AT4G00970",TRUE,TRUE,TRUE,TRUE,TRUE
"AT2G37340",TRUE,TRUE,TRUE,FALSE,FALSE
"AT3G62770",FALSE,FALSE,FALSE,FALSE,FALSE
"AT2G17220",FALSE,TRUE,TRUE,FALSE,FALSE
"AT1G69510",TRUE,FALSE,FALSE,FALSE,TRUE
"AT5G61920",FALSE,FALSE,FALSE,FALSE,FALSE
"AT5G57000",FALSE,FALSE,TRUE,FALSE,FALSE
"AT3G52710",FALSE,FALSE,TRUE,FALSE,FALSE
"AT1G51760",FALSE,FALSE,TRUE,FALSE,FALSE
"AT3G04350",FALSE,FALSE,FALSE,FALSE,FALSE
"AT5G04470",FALSE,FALSE,TRUE,TRUE,TRUE
"AT4G18950",FALSE,FALSE,TRUE,FALSE,FALSE
"AT4G29060",FALSE,FALSE,FALSE,FALSE,FALSE
"AT1G69840",FALSE,TRUE,TRUE,TRUE,FALSE
"AT5G10710",FALSE,FALSE,FALSE,FALSE,FALSE
"AT5G10980",FALSE,FALSE,FALSE,FALSE,FALSE
"AT2G45720",FALSE,FALSE,FALSE,FALSE,FALSE
"AT1G20225",FALSE,FALSE,FALSE,FALSE,FALSE
"AT3G43190",TRUE,FALSE,FALSE,TRUE,FALSE
"AT1G67600",FALSE,FALSE,FALSE,FALSE,FALSE
"AT5G16450",FALSE,FALSE,FALSE,FALSE,FALSE
"AT5G11520",FALSE,TRUE,FALSE,FALSE,FALSE
"AT1G30070",FALSE,TRUE,FALSE,FALSE,TRUE
"AT5G06370",FALSE,FALSE,FALSE,FALSE,FALSE
"AT5G08240",TRUE,TRUE,TRUE,FALSE,FALSE
"AT5G44790",FALSE,FALSE,FALSE,FALSE,FALSE
"AT4G30390",FALSE,FALSE,FALSE,FALSE,FALSE
"AT5G03690",FALSE,FALSE,TRUE,FALSE,FALSE
"AT2G31510",FALSE,FALSE,FALSE,FALSE,FALSE
"AT4G20365",FALSE,FALSE,FALSE,FALSE,FALSE
"AT5G20150",TRUE,FALSE,FALSE,TRUE,TRUE
"AT4G10810",FALSE,FALSE,FALSE,FALSE,FALSE
"AT3G54826",FALSE,FALSE,FALSE,FALSE,FALSE
"AT3G24740",FALSE,FALSE,FALSE,FALSE,FALSE
"AT1G28330",TRUE,TRUE,TRUE,TRUE,TRUE
"AT3G28850",FALSE,TRUE,TRUE,FALSE,FALSE
"AT1G05060",FALSE,TRUE,TRUE,FALSE,TRUE
"AT5G50230",FALSE,FALSE,FALSE,FALSE,FALSE
"AT4G17230",FALSE,TRUE,TRUE,TRUE,TRUE
"AT3G08690",FALSE,FALSE,TRUE,FALSE,FALSE
"AT5G19900",FALSE,FALSE,FALSE,FALSE,FALSE
"AT1G04710",FALSE,FALSE,FALSE,FALSE,FALSE
"AT1G49970",FALSE,FALSE,FALSE,FALSE,FALSE
"AT2G09870",FALSE,FALSE,FALSE,FALSE,FALSE
"AT4G06708",FALSE,FALSE,FALSE,FALSE,FALSE
"AT5G54300",FALSE,TRUE,TRUE,TRUE,TRUE
"AT5G39510",FALSE,FALSE,TRUE,FALSE,FALSE
"AT3G07030",FALSE,FALSE,FALSE,FALSE,FALSE
"AT1G67650",FALSE,FALSE,TRUE,FALSE,FALSE
"AT4G09770",TRUE,TRUE,TRUE,TRUE,FALSE
"AT1G73980",FALSE,TRUE,FALSE,FALSE,FALSE
"AT3G45040",FALSE,FALSE,TRUE,FALSE,FALSE
"AT3G15810",FALSE,TRUE,TRUE,FALSE,TRUE
"AT1G07990",FALSE,FALSE,FALSE,FALSE,FALSE
"AT3G28865",FALSE,FALSE,FALSE,FALSE,FALSE
"AT4G18975",FALSE,FALSE,TRUE,FALSE,TRUE
"AT5G67340",FALSE,TRUE,TRUE,TRUE,FALSE
"AT5G42890",FALSE,FALSE,FALSE,FALSE,FALSE
"AT1G22710",FALSE,FALSE,FALSE,FALSE,FALSE
"AT2G39360",FALSE,FALSE,FALSE,FALSE,FALSE
"AT4G14430",FALSE,FALSE,FALSE,FALSE,FALSE
"AT3G53710",FALSE,FALSE,FALSE,FALSE,FALSE
"AT5G09220",FALSE,FALSE,TRUE,FALSE,FALSE
"AT3G58040",FALSE,FALSE,FALSE,FALSE,FALSE
"AT5G50920",FALSE,FALSE,FALSE,FALSE,FALSE
"AT3G63210",TRUE,TRUE,FALSE,TRUE,TRUE
"AT5G48930",FALSE,FALSE,TRUE,FALSE,TRUE
"AT1G28570",FALSE,FALSE,FALSE,FALSE,FALSE
"AT5G11110",TRUE,TRUE,TRUE,TRUE,TRUE
"AT3G53420",TRUE,TRUE,TRUE,TRUE,TRUE
"AT1G31940",FALSE,FALSE,FALSE,FALSE,FALSE
"AT3G62420",FALSE,FALSE,FALSE,FALSE,FALSE
"AT2G41850",FALSE,TRUE,TRUE,FALSE,FALSE
"AT3G16857",FALSE,TRUE,FALSE,TRUE,FALSE
"AT4G24160",FALSE,FALSE,TRUE,FALSE,TRUE
"AT3G07090",FALSE,FALSE,TRUE,FALSE,FALSE
"AT5G46250",TRUE,TRUE,FALSE,FALSE,FALSE
"AT1G10960",TRUE,TRUE,TRUE,TRUE,TRUE
"AT3G14830",FALSE,FALSE,FALSE,FALSE,FALSE
"AT5G55560",FALSE,FALSE,TRUE,FALSE,FALSE
"AT1G74090",FALSE,TRUE,TRUE,FALSE,FALSE
"AT1G15350",FALSE,TRUE,TRUE,FALSE,FALSE
"AT3G00910",FALSE,FALSE,FALSE,FALSE,FALSE
"AT5G40760",FALSE,FALSE,FALSE,FALSE,FALSE
"AT4G16520",TRUE,TRUE,FALSE,TRUE,TRUE
"AT4G38240",FALSE,FALSE,FALSE,FALSE,FALSE
"AT4G33240",FALSE,FALSE,TRUE,FALSE,FALSE
"AT2G18960",FALSE,FALSE,TRUE,FALSE,FALSE
"AT5G19855",FALSE,FALSE,FALSE,FALSE,FALSE
"AT3G16910",TRUE,TRUE,TRUE,TRUE,TRUE
"AT3G15580",FALSE,FALSE,FALSE,FALSE,FALSE
"AT5G64370",FALSE,TRUE,FALSE,FALSE,TRUE
"AT1G08770",FALSE,FALSE,FALSE,FALSE,FALSE
"AT4G28490",FALSE,TRUE,TRUE,FALSE,FALSE
"AT5G59890",FALSE,FALSE,FALSE,FALSE,FALSE
"AT3G30380",FALSE,FALSE,TRUE,FALSE,FALSE
"AT2G27190",FALSE,FALSE,TRUE,FALSE,FALSE
"AT5G42050",FALSE,FALSE,TRUE,TRUE,TRUE
"AT1G16700",FALSE,FALSE,FALSE,FALSE,FALSE
"AT4G27652",TRUE,TRUE,TRUE,TRUE,TRUE
"AT3G11650",FALSE,TRUE,TRUE,FALSE,FALSE
"AT5G03490",FALSE,FALSE,FALSE,FALSE,FALSE
"AT2G21180",FALSE,FALSE,TRUE,TRUE,TRUE
"AT1G65486",TRUE,TRUE,TRUE,TRUE,TRUE
"AT3G46620",FALSE,FALSE,TRUE,TRUE,TRUE
"AT4G30270",FALSE,FALSE,TRUE,TRUE,TRUE
"AT1G79245",FALSE,FALSE,FALSE,FALSE,FALSE
"AT1G47056",FALSE,TRUE,FALSE,FALSE,TRUE
"AT2G24260",FALSE,FALSE,TRUE,FALSE,FALSE
"AT5G62540",FALSE,TRUE,TRUE,FALSE,FALSE
"AT5G59820",TRUE,TRUE,TRUE,TRUE,TRUE
"AT5G03630",FALSE,FALSE,TRUE,FALSE,FALSE
"AT1G59700",FALSE,FALSE,FALSE,FALSE,FALSE
"AT1G29260",TRUE,FALSE,FALSE,FALSE,TRUE
"AT1G30260",FALSE,TRUE,TRUE,FALSE,TRUE
"AT3G02050",FALSE,FALSE,TRUE,FALSE,FALSE
"AT1G70810",FALSE,FALSE,TRUE,FALSE,FALSE
"AT5G61820",TRUE,TRUE,TRUE,TRUE,TRUE
"AT1G66240",FALSE,FALSE,FALSE,FALSE,FALSE
"AT2G43400",FALSE,FALSE,FALSE,FALSE,FALSE
"AT4G36500",FALSE,FALSE,TRUE,TRUE,TRUE
"AT2G16100",FALSE,FALSE,FALSE,FALSE,FALSE
"AT2G46100",FALSE,TRUE,FALSE,FALSE,FALSE
"AT3G61600",FALSE,FALSE,FALSE,FALSE,FALSE
"AT2G32220",TRUE,TRUE,FALSE,FALSE,TRUE
"AT1G13390",FALSE,FALSE,TRUE,TRUE,TRUE
"AT5G24770",TRUE,TRUE,TRUE,TRUE,TRUE
"AT1G70000",FALSE,FALSE,TRUE,FALSE,TRUE
"AT4G31410",FALSE,FALSE,FALSE,FALSE,FALSE
"AT2G06530",FALSE,FALSE,TRUE,FALSE,FALSE
"AT1G10600",FALSE,FALSE,FALSE,FALSE,FALSE
"AT4G16210",FALSE,FALSE,FALSE,FALSE,FALSE
"AT5G42650",FALSE,TRUE,TRUE,FALSE,TRUE
"AT4G29380",FALSE,FALSE,FALSE,FALSE,FALSE
"AT3G08760",FALSE,FALSE,TRUE,TRUE,FALSE
"AT3G31317",FALSE,FALSE,FALSE,FALSE,FALSE
"AT2G17280",TRUE,TRUE,TRUE,TRUE,TRUE
"AT5G06850",FALSE,FALSE,TRUE,FALSE,FALSE
"AT1G67360",TRUE,TRUE,TRUE,TRUE,TRUE
"AT2G28810",FALSE,FALSE,FALSE,FALSE,FALSE
"AT1G50600",FALSE,FALSE,FALSE,FALSE,FALSE
"AT5G65925",FALSE,FALSE,FALSE,FALSE,FALSE
"AT3G18820",FALSE,FALSE,FALSE,FALSE,FALSE
"AT2G25720",FALSE,FALSE,FALSE,FALSE,FALSE
"AT5G11650",TRUE,FALSE,TRUE,FALSE,TRUE
"AT5G06320",FALSE,TRUE,TRUE,TRUE,TRUE
"AT1G17620",FALSE,TRUE,TRUE,FALSE,FALSE
"AT3G56880",FALSE,FALSE,TRUE,TRUE,TRUE
"AT1G21780",FALSE,FALSE,FALSE,FALSE,FALSE
"AT4G34710",TRUE,TRUE,TRUE,TRUE,TRUE
"AT1G79660",FALSE,FALSE,TRUE,FALSE,TRUE
"AT5G66210",FALSE,FALSE,FALSE,TRUE,TRUE
"AT4G34920",TRUE,TRUE,TRUE,FALSE,TRUE
"AT5G49280",FALSE,TRUE,TRUE,FALSE,TRUE
"AT1G27970",FALSE,FALSE,FALSE,FALSE,FALSE
"AT3G14990",FALSE,TRUE,TRUE,FALSE,FALSE
"AT5G45550",FALSE,FALSE,FALSE,FALSE,FALSE
"AT2G19830",FALSE,FALSE,TRUE,FALSE,FALSE
"AT1G01580",TRUE,TRUE,TRUE,TRUE,TRUE
"AT5G50210",FALSE,FALSE,FALSE,FALSE,FALSE
"AT2G39050",FALSE,TRUE,TRUE,FALSE,TRUE
"AT2G46650",FALSE,TRUE,TRUE,FALSE,FALSE
"AT2G21150",FALSE,FALSE,FALSE,FALSE,FALSE
"AT5G08470",FALSE,FALSE,TRUE,FALSE,FALSE
"AT2G29460",TRUE,TRUE,TRUE,TRUE,FALSE
"AT3G54020",FALSE,FALSE,TRUE,TRUE,TRUE
"AT3G57880",FALSE,FALSE,TRUE,FALSE,TRUE
"AT4G05530",FALSE,FALSE,FALSE,FALSE,FALSE
"AT5G45275",FALSE,FALSE,FALSE,FALSE,FALSE
"AT1G64350",FALSE,FALSE,FALSE,FALSE,TRUE
"AT5G10750",FALSE,FALSE,FALSE,TRUE,TRUE
"AT4G36860",FALSE,FALSE,FALSE,FALSE,FALSE
"AT2G40130",TRUE,TRUE,TRUE,TRUE,TRUE
"AT2G45980",FALSE,FALSE,FALSE,FALSE,FALSE
"AT2G27290",FALSE,TRUE,FALSE,FALSE,FALSE
"AT1G48490",FALSE,TRUE,FALSE,FALSE,FALSE
"AT2G35060",FALSE,FALSE,FALSE,FALSE,FALSE
"AT2G37110",FALSE,FALSE,TRUE,FALSE,FALSE
"AT3G51830",FALSE,FALSE,FALSE,FALSE,TRUE
"AT3G58840",FALSE,FALSE,FALSE,FALSE,FALSE
"AT1G68010",FALSE,TRUE,TRUE,TRUE,TRUE
"AT4G06742",FALSE,FALSE,FALSE,FALSE,FALSE
"AT2G35940",FALSE,FALSE,TRUE,FALSE,FALSE
"AT2G35820",TRUE,FALSE,TRUE,TRUE,TRUE
"AT2G06010",FALSE,FALSE,FALSE,FALSE,FALSE
"AT2G13790",FALSE,TRUE,TRUE,FALSE,TRUE
"AT3G18830",FALSE,FALSE,TRUE,TRUE,TRUE
"AT2G01600",FALSE,FALSE,FALSE,FALSE,FALSE
"AT4G30600",FALSE,FALSE,TRUE,FALSE,FALSE
"AT5G37550",TRUE,FALSE,TRUE,TRUE,FALSE
"AT1G03280",FALSE,FALSE,FALSE,FALSE,FALSE
"AT3G14595",FALSE,TRUE,TRUE,FALSE,TRUE
"AT5G08565",FALSE,TRUE,FALSE,FALSE,TRUE
"AT5G58060",FALSE,FALSE,FALSE,FALSE,FALSE
"AT5G55670",FALSE,FALSE,FALSE,FALSE,FALSE
"AT2G21188",FALSE,TRUE,TRUE,FALSE,FALSE
"AT1G07380",FALSE,FALSE,TRUE,FALSE,FALSE
"AT1G12640",FALSE,FALSE,FALSE,FALSE,FALSE
"AT2G17380",FALSE,FALSE,FALSE,FALSE,FALSE
"AT3G09850",FALSE,FALSE,FALSE,FALSE,FALSE
"AT5G21990",FALSE,FALSE,FALSE,FALSE,FALSE
"AT2G16700",FALSE,TRUE,TRUE,TRUE,TRUE
"AT1G45249",FALSE,FALSE,FALSE,FALSE,FALSE
"AT3G51460",FALSE,FALSE,FALSE,FALSE,FALSE
"AT5G16210",FALSE,FALSE,FALSE,FALSE,FALSE
"AT1G29340",FALSE,FALSE,FALSE,FALSE,FALSE
"AT5G59420",FALSE,FALSE,FALSE,FALSE,FALSE
"AT4G16780",FALSE,TRUE,TRUE,TRUE,TRUE
"AT2G35230",FALSE,FALSE,FALSE,FALSE,FALSE
"AT4G36900",FALSE,TRUE,TRUE,FALSE,FALSE
"AT5G33290",FALSE,FALSE,TRUE,TRUE,FALSE
"AT1G73150",FALSE,FALSE,FALSE,FALSE,FALSE
"AT5G14780",FALSE,TRUE,TRUE,FALSE,TRUE
