"";"Location";"Season";"Batch";"year"
"1000";"Spiekeroog";"Winter";6;2021
"1001";"Spiekeroog";"Winter";6;2021
"1002";"Spiekeroog";"Winter";6;2021
"1003";"Spiekeroog";"Winter";6;2021
"1004";"Spiekeroog";"Winter";6;2021
"1005";"Spiekeroog";"Winter";6;2021
"1006";"Spiekeroog";"Winter";6;2021
"1007";"Spiekeroog";"Winter";6;2021
"1008";"Spiekeroog";"Winter";6;2021
"1009";"Spiekeroog";"Winter";6;2021
"1011";"Spiekeroog";"Winter";6;2021
"1012";"Spiekeroog";"Winter";6;2021
"1013";"Spiekeroog";"Winter";6;2021
"1015";"Spiekeroog";"Winter";6;2021
"1016";"Spiekeroog";"Winter";6;2021
"1018";"Spiekeroog";"Winter";6;2021
"1019";"Spiekeroog";"Winter";6;2021
"1020";"Spiekeroog";"Winter";6;2021
"1021";"Spiekeroog";"Winter";6;2021
"1022";"Spiekeroog";"Winter";6;2021
"1024";"Spiekeroog";"Winter";6;2021
"1025";"Spiekeroog";"Winter";6;2021
"1026";"Spiekeroog";"Winter";6;2021
"1027";"Spiekeroog";"Winter";6;2021
"1028";"Spiekeroog";"Winter";6;2021
"1029";"Spiekeroog";"Winter";6;2021
"1030";"Spiekeroog";"Winter";6;2021
"1032";"Spiekeroog";"Winter";6;2021
"1034";"Spiekeroog";"Winter";6;2021
"1035";"Spiekeroog";"Winter";6;2021
"1036";"Spiekeroog";"Winter";6;2021
"1037";"Spiekeroog";"Winter";6;2021
"1039";"Spiekeroog";"Winter";6;2021
"1040";"Spiekeroog";"Winter";6;2021
"1041";"Spiekeroog";"Winter";6;2021
"1043";"Spiekeroog";"Winter";6;2021
"1044";"Spiekeroog";"Winter";6;2021
"1045";"Spiekeroog";"Winter";6;2021
"1046";"Spiekeroog";"Winter";6;2021
"1047";"Spiekeroog";"Winter";6;2021
"1048";"Spiekeroog";"Winter";6;2021
"1049";"Spiekeroog";"Winter";6;2021
"1050";"Spiekeroog";"Winter";6;2021
"1051";"Spiekeroog";"Winter";6;2021
"1052";"Spiekeroog";"Winter";6;2021
"1053";"Spiekeroog";"Winter";6;2021
"1054";"Spiekeroog";"Winter";6;2021
"1055";"Spiekeroog";"Winter";6;2021
"1056";"Spiekeroog";"Winter";6;2021
"16";"Spiekeroog";"Winter";2;2021
"27";"Spiekeroog";"Winter";2;2021
"37";"Spiekeroog";"Winter";2;2021
"4_1163";"Spiekeroog";"Spring";20;2024
"4_1164";"Spiekeroog";"Spring";20;2024
"4_1165";"Spiekeroog";"Spring";20;2024
"4_1166";"Spiekeroog";"Spring";20;2024
"4_1167";"Spiekeroog";"Spring";20;2024
"4_1168";"Spiekeroog";"Spring";20;2024
"4_1169";"Spiekeroog";"Spring";20;2024
"4_1170";"Spiekeroog";"Spring";20;2024
"4_1171";"Spiekeroog";"Spring";20;2024
"4_1172";"Spiekeroog";"Spring";20;2024
"4_1173";"Spiekeroog";"Spring";20;2024
"4_1174";"Spiekeroog";"Spring";20;2024
"4_1175";"Spiekeroog";"Spring";20;2024
"4_1176";"Spiekeroog";"Spring";20;2024
"4_1177";"Spiekeroog";"Spring";20;2024
"4_1178";"Spiekeroog";"Spring";20;2024
"4_1180";"Spiekeroog";"Spring";20;2024
"4_1181";"Spiekeroog";"Spring";20;2024
"4_1182";"Spiekeroog";"Spring";20;2024
"4_1183";"Spiekeroog";"Spring";20;2024
"4_1184";"Spiekeroog";"Spring";20;2024
"4_1185";"Spiekeroog";"Spring";20;2024
"4_1186";"Spiekeroog";"Spring";20;2024
"4_1187";"Spiekeroog";"Spring";20;2024
"4_1188";"Spiekeroog";"Spring";20;2024
"4_1189";"Spiekeroog";"Spring";20;2024
"4_1190";"Spiekeroog";"Spring";20;2024
"4_1191";"Spiekeroog";"Spring";20;2024
"4_1192";"Spiekeroog";"Spring";20;2024
"4_1193";"Spiekeroog";"Spring";20;2024
"4_1194";"Spiekeroog";"Spring";20;2024
"4_1195";"Spiekeroog";"Spring";20;2024
"4_1196";"Spiekeroog";"Spring";20;2024
"4_1197";"Spiekeroog";"Spring";20;2024
"4_1198";"Spiekeroog";"Spring";20;2024
"4_1199";"Spiekeroog";"Spring";20;2024
"4_1200";"Spiekeroog";"Spring";20;2024
"4_1201";"Spiekeroog";"Spring";20;2024
"4_1202";"Spiekeroog";"Spring";20;2024
"4_1203";"Spiekeroog";"Spring";20;2024
"4_1204";"Spiekeroog";"Spring";20;2024
"4_1205";"Spiekeroog";"Spring";20;2024
"4_1206";"Spiekeroog";"Spring";20;2024
"4_1207";"Spiekeroog";"Spring";20;2024
"4_1208";"Spiekeroog";"Spring";20;2024
"4_1244";"Spiekeroog";"Spring";19;2024
"4_1245";"Spiekeroog";"Spring";19;2024
"4_1246";"Spiekeroog";"Spring";19;2024
"4_1247";"Spiekeroog";"Spring";19;2024
"4_1249";"Spiekeroog";"Spring";19;2024
"4_1250";"Spiekeroog";"Spring";19;2024
"4_1251";"Spiekeroog";"Spring";19;2024
"4_1252";"Spiekeroog";"Spring";19;2024
"4_1253";"Spiekeroog";"Spring";19;2024
"4_1254";"Spiekeroog";"Spring";19;2024
"4_1255";"Spiekeroog";"Spring";19;2024
"4_1256";"Spiekeroog";"Spring";19;2024
"4_1399";"Spiekeroog";"Spring";19;2024
"4_1400";"Spiekeroog";"Spring";19;2024
"4_1401";"Spiekeroog";"Spring";19;2024
"4_1402";"Spiekeroog";"Spring";19;2024
"4_1403";"Spiekeroog";"Spring";19;2024
"4_1404";"Spiekeroog";"Spring";19;2024
"4_1405";"Spiekeroog";"Spring";19;2024
"4_894";"Spiekeroog";"Spring";19;2024
"4_895";"Spiekeroog";"Spring";19;2024
"4_896";"Spiekeroog";"Spring";19;2024
"4_897";"Spiekeroog";"Spring";19;2024
"4_898";"Spiekeroog";"Spring";19;2024
"4_899";"Spiekeroog";"Spring";19;2024
"4_900";"Spiekeroog";"Spring";19;2024
"4_901";"Spiekeroog";"Spring";19;2024
"4_903";"Spiekeroog";"Spring";19;2024
"4_905";"Spiekeroog";"Spring";19;2024
"4_906";"Spiekeroog";"Spring";19;2024
"4_907";"Spiekeroog";"Spring";19;2024
"4_908";"Spiekeroog";"Spring";19;2024
"4_909";"Spiekeroog";"Spring";19;2024
"4_910";"Spiekeroog";"Spring";19;2024
"4_911";"Spiekeroog";"Spring";19;2024
"4_913";"Spiekeroog";"Spring";19;2024
"4_914";"Spiekeroog";"Spring";19;2024
"4_915";"Spiekeroog";"Spring";19;2024
"4_916";"Spiekeroog";"Spring";19;2024
"4_917";"Spiekeroog";"Spring";19;2024
"4_918";"Spiekeroog";"Spring";19;2024
"4_919";"Spiekeroog";"Spring";19;2024
"4_920";"Spiekeroog";"Spring";19;2024
"4_921";"Spiekeroog";"Spring";19;2024
"4_922";"Spiekeroog";"Spring";19;2024
"4_923";"Spiekeroog";"Spring";19;2024
"4_924";"Spiekeroog";"Spring";19;2024
"4_925";"Spiekeroog";"Spring";19;2024
"4_926";"Spiekeroog";"Spring";19;2024
"4_927";"Spiekeroog";"Spring";19;2024
"4_928";"Spiekeroog";"Spring";19;2024
"4_930";"Spiekeroog";"Spring";19;2024
"4_931";"Spiekeroog";"Spring";19;2024
"4_932";"Spiekeroog";"Spring";19;2024
"4_933";"Spiekeroog";"Spring";19;2024
"4_934";"Spiekeroog";"Spring";19;2024
"4_935";"Spiekeroog";"Spring";19;2024
"4_936";"Spiekeroog";"Spring";19;2024
"4_937";"Spiekeroog";"Spring";19;2024
"4_938";"Spiekeroog";"Spring";20;2024
"4_939";"Spiekeroog";"Spring";20;2024
"4_940";"Spiekeroog";"Spring";20;2024
"4_941";"Spiekeroog";"Spring";20;2024
"4_942";"Spiekeroog";"Spring";20;2024
"4_943";"Spiekeroog";"Spring";20;2024
"4_944";"Spiekeroog";"Spring";20;2024
"4_945";"Spiekeroog";"Spring";20;2024
"4_946";"Spiekeroog";"Spring";20;2024
"4_947";"Spiekeroog";"Spring";20;2024
"4_948";"Spiekeroog";"Spring";20;2024
"4_949";"Spiekeroog";"Spring";20;2024
"4_950";"Spiekeroog";"Spring";20;2024
"4_951";"Spiekeroog";"Spring";20;2024
"4_952";"Spiekeroog";"Spring";20;2024
"4_953";"Spiekeroog";"Spring";20;2024
"4_954";"Spiekeroog";"Spring";20;2024
"4_955";"Spiekeroog";"Spring";20;2024
"4_956";"Spiekeroog";"Spring";20;2024
"4_958";"Spiekeroog";"Spring";20;2024
"4_959";"Spiekeroog";"Spring";20;2024
"4_960";"Spiekeroog";"Spring";20;2024
"4_961";"Spiekeroog";"Spring";20;2024
"4_962";"Spiekeroog";"Spring";20;2024
"4_963";"Spiekeroog";"Spring";20;2024
"4_964";"Spiekeroog";"Spring";20;2024
"4_965";"Spiekeroog";"Spring";20;2024
"4_966";"Spiekeroog";"Spring";20;2024
"4_967";"Spiekeroog";"Spring";20;2024
"4_968";"Spiekeroog";"Spring";20;2024
"4_969";"Spiekeroog";"Spring";20;2024
"4_970";"Spiekeroog";"Spring";20;2024
"4_971";"Spiekeroog";"Spring";20;2024
"4_972";"Spiekeroog";"Spring";20;2024
"4_973";"Spiekeroog";"Spring";20;2024
"4_974";"Spiekeroog";"Spring";20;2024
"4_975";"Spiekeroog";"Spring";20;2024
"4_977";"Spiekeroog";"Spring";20;2024
"4_978";"Spiekeroog";"Spring";20;2024
"4_980";"Spiekeroog";"Spring";20;2024
"4_981";"Spiekeroog";"Spring";20;2024
"4_982";"Spiekeroog";"Spring";20;2024
"43";"Spiekeroog";"Winter";2;2021
"443";"Spiekeroog";"Winter";7;2021
"444";"Spiekeroog";"Winter";7;2021
"445";"Spiekeroog";"Winter";7;2021
"446";"Spiekeroog";"Winter";7;2021
"447";"Spiekeroog";"Winter";7;2021
"449";"Spiekeroog";"Winter";7;2021
"450";"Spiekeroog";"Winter";7;2021
"451";"Spiekeroog";"Winter";7;2021
"452";"Spiekeroog";"Winter";7;2021
"453";"Spiekeroog";"Winter";7;2021
"454";"Spiekeroog";"Winter";7;2021
"455";"Spiekeroog";"Winter";7;2021
"457";"Spiekeroog";"Winter";7;2021
"458";"Spiekeroog";"Winter";7;2021
"48";"Spiekeroog";"Winter";2;2021
"481";"Spiekeroog";"Winter";1;2021
"482";"Spiekeroog";"Winter";1;2021
"483";"Spiekeroog";"Winter";1;2021
"484";"Spiekeroog";"Winter";1;2021
"485";"Spiekeroog";"Winter";1;2021
"486";"Spiekeroog";"Winter";1;2021
"487";"Spiekeroog";"Winter";1;2021
"489";"Spiekeroog";"Winter";1;2021
"49";"Spiekeroog";"Winter";2;2021
"490";"Spiekeroog";"Winter";1;2021
"491";"Spiekeroog";"Winter";1;2021
"492";"Spiekeroog";"Winter";1;2021
"493";"Spiekeroog";"Winter";1;2021
"494";"Spiekeroog";"Winter";1;2021
"495";"Spiekeroog";"Winter";1;2021
"496";"Spiekeroog";"Winter";1;2021
"497";"Spiekeroog";"Winter";1;2021
"499";"Spiekeroog";"Winter";1;2021
"5";"Spiekeroog";"Winter";2;2021
"50";"Spiekeroog";"Winter";2;2021
"500";"Spiekeroog";"Winter";1;2021
"501";"Spiekeroog";"Winter";1;2021
"502";"Spiekeroog";"Winter";1;2021
"503";"Spiekeroog";"Winter";1;2021
"504";"Spiekeroog";"Winter";1;2021
"506";"Spiekeroog";"Winter";1;2021
"507";"Spiekeroog";"Winter";1;2021
"508";"Spiekeroog";"Winter";1;2021
"509";"Spiekeroog";"Winter";1;2021
"51";"Spiekeroog";"Winter";2;2021
"510";"Spiekeroog";"Winter";1;2021
"511";"Spiekeroog";"Winter";1;2021
"513";"Spiekeroog";"Winter";1;2021
"515";"Spiekeroog";"Winter";1;2021
"516";"Spiekeroog";"Winter";1;2021
"517";"Spiekeroog";"Winter";1;2021
"518";"Spiekeroog";"Winter";1;2021
"519";"Spiekeroog";"Winter";1;2021
"520";"Spiekeroog";"Winter";1;2021
"521";"Spiekeroog";"Winter";1;2021
"522";"Spiekeroog";"Winter";1;2021
"523";"Spiekeroog";"Winter";1;2021
"524";"Spiekeroog";"Winter";1;2021
"525";"Spiekeroog";"Winter";1;2021
"526";"Spiekeroog";"Winter";1;2021
"527";"Spiekeroog";"Winter";1;2021
"528";"Spiekeroog";"Winter";1;2021
"529";"Spiekeroog";"Winter";1;2021
"53";"Spiekeroog";"Winter";2;2021
"530";"Spiekeroog";"Winter";1;2021
"531";"Spiekeroog";"Winter";1;2021
"532";"Spiekeroog";"Winter";1;2021
"533";"Spiekeroog";"Winter";1;2021
"534";"Spiekeroog";"Winter";1;2021
"535";"Spiekeroog";"Winter";1;2021
"536";"Spiekeroog";"Winter";1;2021
"537";"Spiekeroog";"Winter";1;2021
"538";"Spiekeroog";"Winter";1;2021
"539";"Spiekeroog";"Winter";1;2021
"540";"Spiekeroog";"Winter";1;2021
"541";"Spiekeroog";"Winter";1;2021
"542";"Spiekeroog";"Winter";1;2021
"543";"Spiekeroog";"Winter";1;2021
"544";"Spiekeroog";"Winter";1;2021
"545";"Spiekeroog";"Winter";1;2021
"546";"Spiekeroog";"Winter";1;2021
"547";"Spiekeroog";"Winter";1;2021
"548";"Spiekeroog";"Winter";1;2021
"549";"Spiekeroog";"Winter";1;2021
"550";"Spiekeroog";"Winter";1;2021
"551";"Spiekeroog";"Winter";1;2021
"552";"Spiekeroog";"Winter";1;2021
"553";"Spiekeroog";"Winter";1;2021
"554";"Spiekeroog";"Winter";1;2021
"555";"Spiekeroog";"Winter";1;2021
"556";"Spiekeroog";"Winter";1;2021
"557";"Spiekeroog";"Winter";1;2021
"559";"Spiekeroog";"Winter";1;2021
"562";"Spiekeroog";"Winter";1;2021
"563";"Spiekeroog";"Winter";1;2021
"564";"Spiekeroog";"Winter";1;2021
"565";"Spiekeroog";"Winter";1;2021
"566";"Spiekeroog";"Winter";1;2021
"567";"Spiekeroog";"Winter";1;2021
"568";"Spiekeroog";"Winter";1;2021
"569";"Spiekeroog";"Winter";1;2021
"570";"Spiekeroog";"Winter";1;2021
"571";"Spiekeroog";"Winter";1;2021
"572";"Spiekeroog";"Winter";1;2021
"573";"Spiekeroog";"Winter";1;2021
"574";"Spiekeroog";"Winter";1;2021
"575";"Spiekeroog";"Winter";1;2021
"576";"Spiekeroog";"Winter";1;2021
"59";"Spiekeroog";"Winter";2;2021
"6";"Spiekeroog";"Winter";2;2021
"62";"Spiekeroog";"Winter";2;2021
"65";"Spiekeroog";"Winter";2;2021
"66";"Spiekeroog";"Winter";2;2021
"675";"Spiekeroog";"Winter";3;2021
"677";"Spiekeroog";"Winter";3;2021
"680";"Spiekeroog";"Winter";3;2021
"681";"Spiekeroog";"Winter";3;2021
"682";"Spiekeroog";"Winter";3;2021
"684";"Spiekeroog";"Winter";3;2021
"690";"Spiekeroog";"Winter";3;2021
"692";"Spiekeroog";"Winter";3;2021
"695";"Spiekeroog";"Winter";3;2021
"696";"Spiekeroog";"Winter";3;2021
"697";"Spiekeroog";"Winter";3;2021
"698";"Spiekeroog";"Winter";3;2021
"699";"Spiekeroog";"Winter";3;2021
"7";"Spiekeroog";"Winter";2;2021
"700";"Spiekeroog";"Winter";3;2021
"701";"Spiekeroog";"Winter";3;2021
"702";"Spiekeroog";"Winter";3;2021
"703";"Spiekeroog";"Winter";3;2021
"704";"Spiekeroog";"Winter";3;2021
"705";"Spiekeroog";"Winter";3;2021
"706";"Spiekeroog";"Winter";3;2021
"707";"Spiekeroog";"Winter";3;2021
"708";"Spiekeroog";"Winter";3;2021
"709";"Spiekeroog";"Winter";3;2021
"711";"Spiekeroog";"Winter";3;2021
"712";"Spiekeroog";"Winter";3;2021
"713";"Spiekeroog";"Winter";3;2021
"714";"Spiekeroog";"Winter";3;2021
"715";"Spiekeroog";"Winter";3;2021
"716";"Spiekeroog";"Winter";3;2021
"717";"Spiekeroog";"Winter";3;2021
"718";"Spiekeroog";"Winter";3;2021
"720";"Spiekeroog";"Winter";3;2021
"722";"Spiekeroog";"Winter";3;2021
"723";"Spiekeroog";"Winter";3;2021
"724";"Spiekeroog";"Winter";3;2021
"726";"Spiekeroog";"Winter";3;2021
"727";"Spiekeroog";"Winter";3;2021
"729";"Spiekeroog";"Winter";3;2021
"730";"Spiekeroog";"Winter";3;2021
"731";"Spiekeroog";"Winter";3;2021
"732";"Spiekeroog";"Winter";3;2021
"734";"Spiekeroog";"Winter";3;2021
"735";"Spiekeroog";"Winter";3;2021
"736";"Spiekeroog";"Winter";3;2021
"739";"Spiekeroog";"Winter";3;2021
"740";"Spiekeroog";"Winter";3;2021
"741";"Spiekeroog";"Winter";3;2021
"743";"Spiekeroog";"Winter";3;2021
"744";"Spiekeroog";"Winter";3;2021
"746";"Spiekeroog";"Winter";3;2021
"747";"Spiekeroog";"Winter";3;2021
"748";"Spiekeroog";"Winter";3;2021
"749";"Spiekeroog";"Winter";3;2021
"750";"Spiekeroog";"Winter";3;2021
"751";"Spiekeroog";"Winter";3;2021
"752";"Spiekeroog";"Winter";3;2021
"753";"Spiekeroog";"Winter";3;2021
"754";"Spiekeroog";"Winter";3;2021
"755";"Spiekeroog";"Winter";3;2021
"756";"Spiekeroog";"Winter";3;2021
"757";"Spiekeroog";"Winter";3;2021
"759";"Spiekeroog";"Winter";3;2021
"760";"Spiekeroog";"Winter";3;2021
"761";"Spiekeroog";"Winter";3;2021
"762";"Spiekeroog";"Winter";3;2021
"763";"Spiekeroog";"Winter";3;2021
"764";"Spiekeroog";"Winter";3;2021
"765";"Spiekeroog";"Winter";3;2021
"766";"Spiekeroog";"Winter";3;2021
"767";"Spiekeroog";"Winter";3;2021
"768";"Spiekeroog";"Winter";3;2021
"769";"Spiekeroog";"Winter";4;2021
"772";"Spiekeroog";"Winter";4;2021
"773";"Spiekeroog";"Winter";4;2021
"774";"Spiekeroog";"Winter";4;2021
"775";"Spiekeroog";"Winter";4;2021
"776";"Spiekeroog";"Winter";4;2021
"777";"Spiekeroog";"Winter";4;2021
"778";"Spiekeroog";"Winter";4;2021
"779";"Spiekeroog";"Winter";4;2021
"78";"Spiekeroog";"Winter";2;2021
"780";"Spiekeroog";"Winter";4;2021
"781";"Spiekeroog";"Winter";4;2021
"782";"Spiekeroog";"Winter";4;2021
"783";"Spiekeroog";"Winter";4;2021
"784";"Spiekeroog";"Winter";4;2021
"785";"Spiekeroog";"Winter";4;2021
"786";"Spiekeroog";"Winter";4;2021
"787";"Spiekeroog";"Winter";4;2021
"788";"Spiekeroog";"Winter";4;2021
"789";"Spiekeroog";"Winter";4;2021
"790";"Spiekeroog";"Winter";4;2021
"791";"Spiekeroog";"Winter";4;2021
"792";"Spiekeroog";"Winter";4;2021
"793";"Spiekeroog";"Winter";4;2021
"794";"Spiekeroog";"Winter";4;2021
"795";"Spiekeroog";"Winter";4;2021
"796";"Spiekeroog";"Winter";4;2021
"797";"Spiekeroog";"Winter";4;2021
"798";"Spiekeroog";"Winter";4;2021
"799";"Spiekeroog";"Winter";4;2021
"8";"Spiekeroog";"Winter";2;2021
"80";"Spiekeroog";"Winter";2;2021
"800";"Spiekeroog";"Winter";4;2021
"801";"Spiekeroog";"Winter";4;2021
"802";"Spiekeroog";"Winter";4;2021
"805";"Spiekeroog";"Winter";4;2021
"806";"Spiekeroog";"Winter";4;2021
"807";"Spiekeroog";"Winter";4;2021
"809";"Spiekeroog";"Winter";4;2021
"811";"Spiekeroog";"Winter";4;2021
"812";"Spiekeroog";"Winter";4;2021
"815";"Spiekeroog";"Winter";4;2021
"816";"Spiekeroog";"Winter";4;2021
"817";"Spiekeroog";"Winter";4;2021
"818";"Spiekeroog";"Winter";4;2021
"819";"Spiekeroog";"Winter";4;2021
"82";"Spiekeroog";"Winter";2;2021
"821";"Spiekeroog";"Winter";4;2021
"822";"Spiekeroog";"Winter";4;2021
"823";"Spiekeroog";"Winter";4;2021
"824";"Spiekeroog";"Winter";4;2021
"825";"Spiekeroog";"Winter";4;2021
"826";"Spiekeroog";"Winter";4;2021
"827";"Spiekeroog";"Winter";4;2021
"829";"Spiekeroog";"Winter";4;2021
"83";"Spiekeroog";"Winter";2;2021
"830";"Spiekeroog";"Winter";4;2021
"831";"Spiekeroog";"Winter";4;2021
"832";"Spiekeroog";"Winter";4;2021
"833";"Spiekeroog";"Winter";4;2021
"834";"Spiekeroog";"Winter";4;2021
"835";"Spiekeroog";"Winter";4;2021
"837";"Spiekeroog";"Winter";4;2021
"838";"Spiekeroog";"Winter";4;2021
"841";"Spiekeroog";"Winter";4;2021
"843";"Spiekeroog";"Winter";4;2021
"844";"Spiekeroog";"Winter";4;2021
"845";"Spiekeroog";"Winter";4;2021
"846";"Spiekeroog";"Winter";4;2021
"848";"Spiekeroog";"Winter";4;2021
"849";"Spiekeroog";"Winter";4;2021
"85";"Spiekeroog";"Winter";2;2021
"850";"Spiekeroog";"Winter";4;2021
"851";"Spiekeroog";"Winter";4;2021
"852";"Spiekeroog";"Winter";4;2021
"853";"Spiekeroog";"Winter";4;2021
"854";"Spiekeroog";"Winter";4;2021
"855";"Spiekeroog";"Winter";4;2021
"856";"Spiekeroog";"Winter";4;2021
"857";"Spiekeroog";"Winter";4;2021
"858";"Spiekeroog";"Winter";4;2021
"859";"Spiekeroog";"Winter";4;2021
"860";"Spiekeroog";"Winter";4;2021
"861";"Spiekeroog";"Winter";4;2021
"862";"Spiekeroog";"Winter";4;2021
"865";"Spiekeroog";"Winter";5;2021
"866";"Spiekeroog";"Winter";5;2021
"867";"Spiekeroog";"Winter";5;2021
"869";"Spiekeroog";"Winter";5;2021
"87";"Spiekeroog";"Winter";2;2021
"870";"Spiekeroog";"Winter";5;2021
"871";"Spiekeroog";"Winter";5;2021
"872";"Spiekeroog";"Winter";5;2021
"873";"Spiekeroog";"Winter";5;2021
"875";"Spiekeroog";"Winter";5;2021
"876";"Spiekeroog";"Winter";5;2021
"877";"Spiekeroog";"Winter";5;2021
"878";"Spiekeroog";"Winter";5;2021
"879";"Spiekeroog";"Winter";5;2021
"88";"Spiekeroog";"Winter";2;2021
"880";"Spiekeroog";"Winter";5;2021
"881";"Spiekeroog";"Winter";5;2021
"882";"Spiekeroog";"Winter";5;2021
"883";"Spiekeroog";"Winter";5;2021
"884";"Spiekeroog";"Winter";5;2021
"885";"Spiekeroog";"Winter";5;2021
"886";"Spiekeroog";"Winter";5;2021
"887";"Spiekeroog";"Winter";5;2021
"888";"Spiekeroog";"Winter";5;2021
"889";"Spiekeroog";"Winter";5;2021
"89";"Spiekeroog";"Winter";2;2021
"890";"Spiekeroog";"Winter";5;2021
"891";"Spiekeroog";"Winter";5;2021
"892";"Spiekeroog";"Winter";5;2021
"893";"Spiekeroog";"Winter";5;2021
"894";"Spiekeroog";"Winter";5;2021
"895";"Spiekeroog";"Winter";5;2021
"897";"Spiekeroog";"Winter";5;2021
"898";"Spiekeroog";"Winter";5;2021
"899";"Spiekeroog";"Winter";5;2021
"9";"Spiekeroog";"Winter";2;2021
"900";"Spiekeroog";"Winter";5;2021
"901";"Spiekeroog";"Winter";5;2021
"902";"Spiekeroog";"Winter";5;2021
"905";"Spiekeroog";"Winter";5;2021
"910";"Spiekeroog";"Winter";5;2021
"911";"Spiekeroog";"Winter";5;2021
"912";"Spiekeroog";"Winter";5;2021
"913";"Spiekeroog";"Winter";5;2021
"914";"Spiekeroog";"Winter";5;2021
"916";"Spiekeroog";"Winter";5;2021
"918";"Spiekeroog";"Winter";5;2021
"919";"Spiekeroog";"Winter";5;2021
"920";"Spiekeroog";"Winter";5;2021
"922";"Spiekeroog";"Winter";5;2021
"923";"Spiekeroog";"Winter";5;2021
"924";"Spiekeroog";"Winter";5;2021
"926";"Spiekeroog";"Winter";5;2021
"927";"Spiekeroog";"Winter";5;2021
"928";"Spiekeroog";"Winter";5;2021
"929";"Spiekeroog";"Winter";5;2021
"93";"Spiekeroog";"Winter";2;2021
"930";"Spiekeroog";"Winter";5;2021
"931";"Spiekeroog";"Winter";5;2021
"932";"Spiekeroog";"Winter";5;2021
"933";"Spiekeroog";"Winter";5;2021
"937";"Spiekeroog";"Winter";5;2021
"939";"Spiekeroog";"Winter";5;2021
"94";"Spiekeroog";"Winter";2;2021
"940";"Spiekeroog";"Winter";5;2021
"941";"Spiekeroog";"Winter";5;2021
"942";"Spiekeroog";"Winter";5;2021
"944";"Spiekeroog";"Winter";5;2021
"946";"Spiekeroog";"Winter";5;2021
"947";"Spiekeroog";"Winter";5;2021
"949";"Spiekeroog";"Winter";5;2021
"95";"Spiekeroog";"Winter";2;2021
"951";"Spiekeroog";"Winter";5;2021
"952";"Spiekeroog";"Winter";5;2021
"953";"Spiekeroog";"Winter";5;2021
"954";"Spiekeroog";"Winter";5;2021
"955";"Spiekeroog";"Winter";5;2021
"956";"Spiekeroog";"Winter";5;2021
"957";"Spiekeroog";"Winter";5;2021
"958";"Spiekeroog";"Winter";5;2021
"959";"Spiekeroog";"Winter";5;2021
"960";"Spiekeroog";"Winter";5;2021
"961";"Spiekeroog";"Winter";6;2021
"963";"Spiekeroog";"Winter";6;2021
"964";"Spiekeroog";"Winter";6;2021
"965";"Spiekeroog";"Winter";6;2021
"966";"Spiekeroog";"Winter";6;2021
"967";"Spiekeroog";"Winter";6;2021
"969";"Spiekeroog";"Winter";6;2021
"970";"Spiekeroog";"Winter";6;2021
"972";"Spiekeroog";"Winter";6;2021
"974";"Spiekeroog";"Winter";6;2021
"975";"Spiekeroog";"Winter";6;2021
"976";"Spiekeroog";"Winter";6;2021
"978";"Spiekeroog";"Winter";6;2021
"979";"Spiekeroog";"Winter";6;2021
"980";"Spiekeroog";"Winter";6;2021
"981";"Spiekeroog";"Winter";6;2021
"982";"Spiekeroog";"Winter";6;2021
"983";"Spiekeroog";"Winter";6;2021
"984";"Spiekeroog";"Winter";6;2021
"986";"Spiekeroog";"Winter";6;2021
"987";"Spiekeroog";"Winter";6;2021
"988";"Spiekeroog";"Winter";6;2021
"989";"Spiekeroog";"Winter";6;2021
"990";"Spiekeroog";"Winter";6;2021
"991";"Spiekeroog";"Winter";6;2021
"992";"Spiekeroog";"Winter";6;2021
"993";"Spiekeroog";"Winter";6;2021
"994";"Spiekeroog";"Winter";6;2021
"996";"Spiekeroog";"Winter";6;2021
"997";"Spiekeroog";"Winter";6;2021
"998";"Spiekeroog";"Winter";6;2021
"999";"Spiekeroog";"Winter";6;2021
"C474";"Spiekeroog";"Spring";14;2023
"C475";"Spiekeroog";"Spring";14;2023
"C476";"Spiekeroog";"Spring";14;2023
"C477";"Spiekeroog";"Spring";14;2023
"C478";"Spiekeroog";"Spring";14;2023
"C479";"Spiekeroog";"Spring";14;2023
"C480";"Spiekeroog";"Spring";14;2023
"C481";"Spiekeroog";"Spring";14;2023
"C482";"Spiekeroog";"Spring";14;2023
"C483";"Spiekeroog";"Spring";14;2023
"C484";"Spiekeroog";"Spring";14;2023
"C485";"Spiekeroog";"Spring";14;2023
"C486";"Spiekeroog";"Spring";14;2023
"C487";"Spiekeroog";"Spring";14;2023
"C488";"Spiekeroog";"Spring";14;2023
"C489";"Spiekeroog";"Spring";14;2023
"C490";"Spiekeroog";"Spring";14;2023
"C491";"Spiekeroog";"Spring";14;2023
"C492";"Spiekeroog";"Spring";14;2023
"C493";"Spiekeroog";"Spring";14;2023
"C494";"Spiekeroog";"Spring";14;2023
"C495";"Spiekeroog";"Spring";14;2023
"C496";"Spiekeroog";"Spring";14;2023
"C501";"Spiekeroog";"Spring";14;2023
"C502";"Spiekeroog";"Spring";14;2023
"C503";"Spiekeroog";"Spring";14;2023
"C504";"Spiekeroog";"Spring";14;2023
"C505";"Spiekeroog";"Spring";14;2023
"C506";"Spiekeroog";"Spring";14;2023
"C507";"Spiekeroog";"Spring";14;2023
"C508";"Spiekeroog";"Spring";14;2023
"C509";"Spiekeroog";"Spring";14;2023
"C510";"Spiekeroog";"Spring";14;2023
"C511";"Spiekeroog";"Spring";14;2023
"C512";"Spiekeroog";"Spring";14;2023
"C513";"Spiekeroog";"Spring";14;2023
"C514";"Spiekeroog";"Spring";14;2023
"C515";"Spiekeroog";"Spring";14;2023
"C516";"Spiekeroog";"Spring";14;2023
"C517";"Spiekeroog";"Spring";14;2023
"C518";"Spiekeroog";"Spring";14;2023
"C519";"Spiekeroog";"Spring";14;2023
"C520";"Spiekeroog";"Spring";14;2023
"C521";"Spiekeroog";"Spring";14;2023
"C522";"Spiekeroog";"Spring";14;2023
"C523";"Spiekeroog";"Spring";14;2023
"C524";"Spiekeroog";"Spring";14;2023
"C525";"Spiekeroog";"Spring";14;2023
"C526";"Spiekeroog";"Spring";14;2023
"C527";"Spiekeroog";"Spring";14;2023
"C528";"Spiekeroog";"Spring";14;2023
"C529";"Spiekeroog";"Spring";14;2023
"C530";"Spiekeroog";"Spring";14;2023
"C531";"Spiekeroog";"Spring";14;2023
"C532";"Spiekeroog";"Spring";14;2023
"C533";"Spiekeroog";"Spring";14;2023
"C534";"Spiekeroog";"Spring";14;2023
"C535";"Spiekeroog";"Spring";14;2023
"C536";"Spiekeroog";"Spring";15;2023
"C537";"Spiekeroog";"Spring";15;2023
"C538";"Spiekeroog";"Spring";15;2023
"C539";"Spiekeroog";"Spring";15;2023
"C540";"Spiekeroog";"Spring";15;2023
"C541";"Spiekeroog";"Spring";15;2023
"C542";"Spiekeroog";"Spring";15;2023
"C543";"Spiekeroog";"Spring";15;2023
"C544";"Spiekeroog";"Spring";15;2023
"C545";"Spiekeroog";"Spring";15;2023
"C546";"Spiekeroog";"Spring";15;2023
"C547";"Spiekeroog";"Spring";15;2023
"C548";"Spiekeroog";"Spring";15;2023
"C549";"Spiekeroog";"Spring";15;2023
"C550";"Spiekeroog";"Spring";15;2023
"C551";"Spiekeroog";"Spring";15;2023
"C552";"Spiekeroog";"Spring";15;2023
"C553";"Spiekeroog";"Spring";15;2023
"C554";"Spiekeroog";"Spring";15;2023
"C555";"Spiekeroog";"Spring";15;2023
"C556";"Spiekeroog";"Spring";15;2023
"C557";"Spiekeroog";"Spring";15;2023
"C558";"Spiekeroog";"Spring";15;2023
"C559";"Spiekeroog";"Spring";15;2023
"C560";"Spiekeroog";"Spring";15;2023
"C561";"Spiekeroog";"Spring";15;2023
"C562";"Spiekeroog";"Spring";15;2023
"C563";"Spiekeroog";"Spring";15;2023
"C564";"Spiekeroog";"Spring";15;2023
"C565";"Spiekeroog";"Spring";15;2023
"C566";"Spiekeroog";"Spring";15;2023
"C567";"Spiekeroog";"Spring";15;2023
"C568";"Spiekeroog";"Spring";15;2023
"C569";"Spiekeroog";"Spring";15;2023
"C570";"Spiekeroog";"Spring";15;2023
"C571";"Spiekeroog";"Spring";15;2023
"C572";"Spiekeroog";"Spring";15;2023
"C573";"Spiekeroog";"Spring";15;2023
"C574";"Spiekeroog";"Spring";15;2023
"C575";"Spiekeroog";"Spring";15;2023
"C576";"Spiekeroog";"Spring";15;2023
"C577";"Spiekeroog";"Spring";15;2023
"C578";"Spiekeroog";"Spring";15;2023
"C579";"Spiekeroog";"Spring";15;2023
"C580";"Spiekeroog";"Spring";15;2023
"C581";"Spiekeroog";"Spring";15;2023
"C582";"Spiekeroog";"Spring";15;2023
"C583";"Spiekeroog";"Spring";15;2023
"C584";"Spiekeroog";"Spring";15;2023
"C585";"Spiekeroog";"Spring";15;2023
"C586";"Spiekeroog";"Spring";15;2023
"C587";"Spiekeroog";"Spring";15;2023
"C588";"Spiekeroog";"Spring";15;2023
"C589";"Spiekeroog";"Spring";15;2023
"C590";"Spiekeroog";"Spring";15;2023
"C591";"Spiekeroog";"Spring";15;2023
"C592";"Spiekeroog";"Spring";15;2023
"C593";"Spiekeroog";"Spring";15;2023
"C594";"Spiekeroog";"Spring";15;2023
"C595";"Spiekeroog";"Spring";15;2023
"C596";"Spiekeroog";"Spring";15;2023
"C601";"Spiekeroog";"Spring";15;2023
"C602";"Spiekeroog";"Spring";15;2023
"C603";"Spiekeroog";"Spring";15;2023
"C604";"Spiekeroog";"Spring";15;2023
"C605";"Spiekeroog";"Spring";15;2023
"C606";"Spiekeroog";"Spring";15;2023
"C607";"Spiekeroog";"Spring";15;2023
"C608";"Spiekeroog";"Spring";15;2023
"C609";"Spiekeroog";"Spring";15;2023
"C610";"Spiekeroog";"Spring";15;2023
"C611";"Spiekeroog";"Spring";15;2023
"C612";"Spiekeroog";"Spring";15;2023
"C613";"Spiekeroog";"Spring";15;2023
"C614";"Spiekeroog";"Spring";15;2023
"C615";"Spiekeroog";"Spring";15;2023
"C616";"Spiekeroog";"Spring";15;2023
"C617";"Spiekeroog";"Spring";15;2023
"C618";"Spiekeroog";"Spring";15;2023
"C619";"Spiekeroog";"Spring";15;2023
"C620";"Spiekeroog";"Spring";15;2023
"C622";"Spiekeroog";"Spring";15;2023
"C623";"Spiekeroog";"Spring";15;2023
"C624";"Spiekeroog";"Spring";15;2023
"C625";"Spiekeroog";"Spring";15;2023
"C626";"Spiekeroog";"Spring";15;2023
"C627";"Spiekeroog";"Spring";15;2023
"C628";"Spiekeroog";"Spring";15;2023
"C629";"Spiekeroog";"Spring";15;2023
"C630";"Spiekeroog";"Spring";15;2023
"C631";"Spiekeroog";"Spring";15;2023
"C632";"Spiekeroog";"Spring";15;2023
"C633";"Spiekeroog";"Spring";15;2023
"C634";"Spiekeroog";"Spring";15;2023
"C635";"Spiekeroog";"Spring";15;2023
"C637";"Spiekeroog";"Spring";15;2023
"C638";"Spiekeroog";"Spring";16;2023
"C639";"Spiekeroog";"Spring";16;2023
"C640";"Spiekeroog";"Spring";16;2023
"C641";"Spiekeroog";"Spring";16;2023
"C642";"Spiekeroog";"Spring";16;2023
"C643";"Spiekeroog";"Spring";16;2023
"C644";"Spiekeroog";"Spring";16;2023
"C645";"Spiekeroog";"Spring";16;2023
"C646";"Spiekeroog";"Spring";16;2023
"C647";"Spiekeroog";"Spring";16;2023
"C648";"Spiekeroog";"Spring";16;2023
"C649";"Spiekeroog";"Spring";16;2023
"C650";"Spiekeroog";"Spring";16;2023
"C651";"Spiekeroog";"Spring";16;2023
"C652";"Spiekeroog";"Spring";16;2023
"C653";"Spiekeroog";"Spring";16;2023
"C654";"Spiekeroog";"Spring";16;2023
"C655";"Spiekeroog";"Spring";16;2023
"C656";"Spiekeroog";"Spring";16;2023
"C657";"Spiekeroog";"Spring";16;2023
"C658";"Spiekeroog";"Spring";16;2023
"C659";"Spiekeroog";"Spring";16;2023
"C660";"Spiekeroog";"Spring";16;2023
"C661";"Spiekeroog";"Spring";16;2023
"C662";"Spiekeroog";"Spring";16;2023
"C663";"Spiekeroog";"Spring";16;2023
"C664";"Spiekeroog";"Spring";16;2023
"C665";"Spiekeroog";"Spring";16;2023
"C666";"Spiekeroog";"Spring";16;2023
"C667";"Spiekeroog";"Spring";16;2023
"C668";"Spiekeroog";"Spring";16;2023
"C669";"Spiekeroog";"Spring";16;2023
"C670";"Spiekeroog";"Spring";16;2023
"C671";"Spiekeroog";"Spring";16;2023
"C672";"Spiekeroog";"Spring";16;2023
"C673";"Spiekeroog";"Spring";16;2023
"C674";"Spiekeroog";"Spring";16;2023
"C675";"Spiekeroog";"Spring";16;2023
"C676";"Spiekeroog";"Spring";16;2023
"C677";"Spiekeroog";"Spring";16;2023
"C678";"Spiekeroog";"Spring";16;2023
"C679";"Spiekeroog";"Spring";16;2023
"C680";"Spiekeroog";"Spring";16;2023
"C681";"Spiekeroog";"Spring";16;2023
"C682";"Spiekeroog";"Spring";16;2023
"C683";"Spiekeroog";"Spring";16;2023
"C684";"Spiekeroog";"Spring";16;2023
"C685";"Spiekeroog";"Spring";16;2023
"C686";"Spiekeroog";"Spring";16;2023
"C687";"Spiekeroog";"Spring";16;2023
"C688";"Spiekeroog";"Spring";16;2023
"C689";"Spiekeroog";"Spring";16;2023
"C690";"Spiekeroog";"Spring";16;2023
"C691";"Spiekeroog";"Spring";16;2023
"C692";"Spiekeroog";"Spring";16;2023
"C693";"Spiekeroog";"Spring";16;2023
"C694";"Spiekeroog";"Spring";16;2023
"C695";"Spiekeroog";"Spring";16;2023
"C696";"Spiekeroog";"Spring";16;2023
"C697";"Spiekeroog";"Spring";16;2023
"C698";"Spiekeroog";"Spring";16;2023
"C699";"Spiekeroog";"Spring";16;2023
"C700";"Spiekeroog";"Spring";16;2023
"C701";"Spiekeroog";"Spring";16;2023
"C702";"Spiekeroog";"Spring";16;2023
"C703";"Spiekeroog";"Spring";16;2023
"C704";"Spiekeroog";"Spring";16;2023
"C705";"Spiekeroog";"Spring";16;2023
"C706";"Spiekeroog";"Spring";16;2023
"C707";"Spiekeroog";"Spring";16;2023
"C708";"Spiekeroog";"Spring";16;2023
"C709";"Spiekeroog";"Spring";16;2023
"C710";"Spiekeroog";"Spring";16;2023
"C711";"Spiekeroog";"Spring";16;2023
"C712";"Spiekeroog";"Spring";16;2023
"C713";"Spiekeroog";"Spring";16;2023
"C714";"Spiekeroog";"Spring";16;2023
"C715";"Spiekeroog";"Spring";16;2023
"C716";"Spiekeroog";"Spring";16;2023
"C717";"Spiekeroog";"Spring";16;2023
"C718";"Spiekeroog";"Spring";16;2023
"C719";"Spiekeroog";"Spring";16;2023
"C720";"Spiekeroog";"Spring";16;2023
"C721";"Spiekeroog";"Spring";16;2023
"C722";"Spiekeroog";"Spring";16;2023
"C723";"Spiekeroog";"Spring";16;2023
"C724";"Spiekeroog";"Spring";16;2023
"C725";"Spiekeroog";"Spring";16;2023
"C726";"Spiekeroog";"Spring";16;2023
"C727";"Spiekeroog";"Spring";16;2023
"C728";"Spiekeroog";"Spring";16;2023
"C729";"Spiekeroog";"Spring";16;2023
"C730";"Spiekeroog";"Spring";16;2023
"C731";"Spiekeroog";"Spring";16;2023
"C732";"Spiekeroog";"Spring";16;2023
"C733";"Spiekeroog";"Spring";16;2023
"C734";"Spiekeroog";"Spring";17;2023
"C735";"Spiekeroog";"Spring";17;2023
"C736";"Spiekeroog";"Spring";17;2023
"C737";"Spiekeroog";"Spring";17;2023
"C738";"Spiekeroog";"Spring";17;2023
"C739";"Spiekeroog";"Spring";17;2023
"C740";"Spiekeroog";"Spring";17;2023
"C742";"Spiekeroog";"Spring";17;2023
"C743";"Spiekeroog";"Spring";17;2023
"C744";"Spiekeroog";"Spring";17;2023
"C746";"Spiekeroog";"Spring";17;2023
"C747";"Spiekeroog";"Spring";17;2023
"C748";"Spiekeroog";"Spring";17;2023
"C749";"Spiekeroog";"Spring";17;2023
"C750";"Spiekeroog";"Spring";17;2023
"C751";"Spiekeroog";"Spring";17;2023
"C752";"Spiekeroog";"Spring";17;2023
"C753";"Spiekeroog";"Spring";17;2023
"C754";"Spiekeroog";"Spring";17;2023
"C755";"Spiekeroog";"Spring";17;2023
"C756";"Spiekeroog";"Spring";17;2023
"C757";"Spiekeroog";"Spring";17;2023
"C758";"Spiekeroog";"Spring";17;2023
"C759";"Spiekeroog";"Spring";17;2023
"C760";"Spiekeroog";"Spring";17;2023
"C761";"Spiekeroog";"Spring";17;2023
"C762";"Spiekeroog";"Spring";17;2023
"C763";"Spiekeroog";"Spring";17;2023
"C764";"Spiekeroog";"Spring";17;2023
"C765";"Spiekeroog";"Spring";17;2023
"C766";"Spiekeroog";"Spring";17;2023
"C767";"Spiekeroog";"Spring";17;2023
"C768";"Spiekeroog";"Spring";17;2023
"C769";"Spiekeroog";"Spring";17;2023
"C770";"Spiekeroog";"Spring";17;2023
"C771";"Spiekeroog";"Spring";17;2023
"C772";"Spiekeroog";"Spring";17;2023
"C773";"Spiekeroog";"Spring";17;2023
"C774";"Spiekeroog";"Spring";17;2023
"C775";"Spiekeroog";"Spring";17;2023
"C776";"Spiekeroog";"Spring";17;2023
"C777";"Spiekeroog";"Spring";17;2023
"C778";"Spiekeroog";"Spring";17;2023
"C779";"Spiekeroog";"Spring";17;2023
"C780";"Spiekeroog";"Spring";17;2023
"C803";"Spiekeroog";"Spring";17;2023
"C804";"Spiekeroog";"Spring";17;2023
"C805";"Spiekeroog";"Spring";17;2023
"C806";"Spiekeroog";"Spring";17;2023
"C807";"Spiekeroog";"Spring";17;2023
"C808";"Spiekeroog";"Spring";17;2023
"C809";"Spiekeroog";"Spring";17;2023
"C810";"Spiekeroog";"Spring";17;2023
"C811";"Spiekeroog";"Spring";17;2023
"C812";"Spiekeroog";"Spring";17;2023
"C813";"Spiekeroog";"Spring";17;2023
"C814";"Spiekeroog";"Spring";17;2023
"C815";"Spiekeroog";"Spring";17;2023
"C816";"Spiekeroog";"Spring";17;2023
"C817";"Spiekeroog";"Spring";17;2023
"C818";"Spiekeroog";"Spring";17;2023
"C819";"Spiekeroog";"Spring";17;2023
"C820";"Spiekeroog";"Spring";17;2023
"C821";"Spiekeroog";"Spring";17;2023
"C822";"Spiekeroog";"Spring";17;2023
"C823";"Spiekeroog";"Spring";17;2023
"C824";"Spiekeroog";"Spring";17;2023
"C825";"Spiekeroog";"Spring";17;2023
"C826";"Spiekeroog";"Spring";17;2023
"C827";"Spiekeroog";"Spring";17;2023
"C828";"Spiekeroog";"Spring";17;2023
"C829";"Spiekeroog";"Spring";17;2023
"C830";"Spiekeroog";"Spring";17;2023
"C831";"Spiekeroog";"Spring";17;2023
"C832";"Spiekeroog";"Spring";17;2023
"H008";"Spiekeroog";"Spring";7;2022
"H010";"Spiekeroog";"Spring";7;2022
"H011";"Spiekeroog";"Spring";7;2022
"H012";"Spiekeroog";"Spring";7;2022
"H013";"Spiekeroog";"Spring";7;2022
"H014";"Spiekeroog";"Spring";7;2022
"H015";"Spiekeroog";"Spring";7;2022
"H016";"Spiekeroog";"Spring";7;2022
"H018";"Spiekeroog";"Spring";7;2022
"H019";"Spiekeroog";"Spring";7;2022
"H020";"Spiekeroog";"Spring";7;2022
"H021";"Spiekeroog";"Spring";7;2022
"H023";"Spiekeroog";"Spring";7;2022
"H024";"Spiekeroog";"Spring";7;2022
"H025";"Spiekeroog";"Spring";8;2022
"H027";"Spiekeroog";"Spring";8;2022
"H028";"Spiekeroog";"Spring";8;2022
"H029";"Spiekeroog";"Spring";8;2022
"H030";"Spiekeroog";"Spring";8;2022
"H031";"Spiekeroog";"Spring";8;2022
"H032";"Spiekeroog";"Spring";8;2022
"H033";"Spiekeroog";"Spring";8;2022
"H034";"Spiekeroog";"Spring";8;2022
"H035";"Spiekeroog";"Spring";8;2022
"H036";"Spiekeroog";"Spring";8;2022
"H037";"Spiekeroog";"Spring";8;2022
"H038";"Spiekeroog";"Spring";8;2022
"H039";"Spiekeroog";"Spring";8;2022
"H040";"Spiekeroog";"Spring";8;2022
"H041";"Spiekeroog";"Spring";8;2022
"H043";"Spiekeroog";"Spring";8;2022
"H044";"Spiekeroog";"Spring";8;2022
"H045";"Spiekeroog";"Spring";8;2022
"H047";"Spiekeroog";"Spring";9;2022
"M008";"Spiekeroog";"Spring";8;2022
"M009";"Spiekeroog";"Spring";8;2022
"M010";"Spiekeroog";"Spring";8;2022
"M019";"Spiekeroog";"Spring";8;2022
"M022";"Spiekeroog";"Spring";8;2022
"M023";"Spiekeroog";"Spring";8;2022
"M026";"Spiekeroog";"Spring";8;2022
"M028";"Spiekeroog";"Spring";8;2022
"M040";"Spiekeroog";"Spring";8;2022
"M042";"Spiekeroog";"Spring";8;2022
"M045";"Spiekeroog";"Spring";8;2022
"WE007";"Spiekeroog";"Spring";8;2022
"WE013";"Spiekeroog";"Spring";9;2022
"WE014";"Spiekeroog";"Spring";9;2022
"WE015";"Spiekeroog";"Spring";9;2022
"WE016";"Spiekeroog";"Spring";9;2022
"WE017";"Spiekeroog";"Spring";9;2022
"WE018";"Spiekeroog";"Spring";9;2022
"WE020";"Spiekeroog";"Spring";9;2022
"WE021";"Spiekeroog";"Spring";9;2022
"WE023";"Spiekeroog";"Spring";9;2022
"WE024";"Spiekeroog";"Spring";9;2022
"WE026";"Spiekeroog";"Spring";9;2022
"WE027";"Spiekeroog";"Spring";9;2022
"WE028";"Spiekeroog";"Spring";9;2022
"WE030";"Spiekeroog";"Spring";9;2022
"WE031";"Spiekeroog";"Spring";9;2022
"WE032";"Spiekeroog";"Spring";9;2022
"WE035";"Spiekeroog";"Spring";9;2022
"WE037";"Spiekeroog";"Spring";9;2022
"WE038";"Spiekeroog";"Spring";9;2022
"WE040";"Spiekeroog";"Spring";9;2022
"WU008";"Spiekeroog";"Spring";7;2022
"WU010";"Spiekeroog";"Spring";7;2022
"WU014";"Spiekeroog";"Spring";7;2022
"WU015";"Spiekeroog";"Spring";7;2022
"WU016";"Spiekeroog";"Spring";7;2022
"WU017";"Spiekeroog";"Spring";7;2022
"WU023";"Spiekeroog";"Spring";7;2022
"WU024";"Spiekeroog";"Spring";7;2022
"WU025";"Spiekeroog";"Spring";7;2022
"WU027";"Spiekeroog";"Spring";7;2022
"WU028";"Spiekeroog";"Spring";7;2022
"WU029";"Spiekeroog";"Spring";7;2022
"WU030";"Spiekeroog";"Spring";7;2022
"WU031";"Spiekeroog";"Spring";7;2022
"WU033";"Spiekeroog";"Spring";7;2022
"WU034";"Spiekeroog";"Spring";7;2022
"WU036";"Spiekeroog";"Spring";7;2022
"WU038";"Spiekeroog";"Spring";7;2022
"WU039";"Spiekeroog";"Spring";7;2022
"WU040";"Spiekeroog";"Spring";8;2022
"WU041";"Spiekeroog";"Spring";7;2022
"WU043";"Spiekeroog";"Spring";7;2022
"WU044";"Spiekeroog";"Spring";7;2022
